"Log2FC_estimate","SE","pval","CI_lb","CI_ub","Number_Of_Comparisons","FDR","Human_EntrezGene.ID"
2.3906676388776,0.219823855330177,1.51027583090346e-27,1.95982079948771,2.82151447826749,5,1.6077751054891e-23,"7020"
2.78043293089239,0.314294951021889,9.02486666864407e-19,2.16442614636671,3.39643971541807,5,2.05663818711729e-15,"221895"
3.04844613706835,0.407292187782188,7.17291216528338e-14,2.25016811783074,3.84672415630597,5,4.9748823852435e-11,"2297"
2.81601282336797,0.381377623040451,1.53844389421304e-13,2.06852641769919,3.56349922903675,5,1.02255237502027e-10,"84282"
2.12935068215061,0.291436518692563,2.7440222789252e-13,1.55814560173345,2.70055576256777,5,1.62120901457092e-10,"1051"
3.74933082316187,0.518563751107347,4.82206619791534e-13,2.73296454730348,4.76569709902026,5,2.48134193513373e-10,"5321"
3.09782222799178,0.433590637242083,9.02726347191826e-13,2.24800019496353,3.94764426102004,5,4.16284408583145e-10,"23643"
-4.28963682041113,0.60392104207971,1.22098391687197e-12,-5.47330031239326,-3.105973328429,5,5.26409065998421e-10,"285016"
3.42933559749858,0.573588845755325,2.24877295536927e-09,2.30512211788425,4.55354907711292,5,4.06223913563511e-07,"928"
-4.03906995528844,0.740535810441318,4.91790328338479e-08,-5.4904934730156,-2.58764643756127,5,5.98857963179803e-06,"4741"
-2.67753567405333,0.499277454888613,8.19321395817089e-08,-3.65610150392783,-1.69896984417883,5,9.02583870647528e-06,"55506"
2.571586667729,0.485222103835648,1.15921015791167e-07,1.62056881970837,3.52260451574962,5,1.18536669480814e-05,"4071"
2.10020830776644,0.402942736031762,1.86638725996445e-07,1.31045505731216,2.88996155822072,5,1.83781540561438e-05,"205"
-2.57234938154077,0.49543662824587,2.07951352303643e-07,-3.54338732952464,-1.60131143355691,5,1.99833733249862e-05,"4826"
-2.00333313011347,0.392688477059849,3.36823016073768e-07,-2.77298840229466,-1.23367785793229,5,3.08793146690158e-05,"1846"
2.98547271103496,0.647125436274771,3.96063527539432e-06,1.71713016245664,4.25381525961328,5,0.000257877771073837,"3397"
2.8593646569856,0.620962144714038,4.12996099452763e-06,1.64230121758334,4.07642809638787,5,0.000265649749131874,"563"
3.72103080072591,0.820480818341824,5.75535140828552e-06,2.11291794676998,5.32914365468184,5,0.000352877376615346,"29887"
-2.66199364322733,0.602327615740005,9.89243953218734e-06,-3.84253407697162,-1.48145320948304,5,0.000553916184863262,"2697"
2.55075764366023,0.57755712663048,1.00330700754439e-05,1.41876647645005,3.68274881087041,5,0.000559606761690494,"100287482"
2.18878279403857,0.497748893371516,1.09573773505553e-05,1.21321288968573,3.1643526983914,5,0.000590513795594791,"25805"
4.09672139868166,0.959374665535151,1.95298028812231e-05,2.2163816065526,5.97706119081071,5,0.000921714247222694,"55244"
-2.50315758023925,0.610916499671199,4.17851081909178e-05,-3.70053191715608,-1.30578324332242,5,0.00171351168601933,"4747"
2.21051582291737,0.556837755431221,7.19431240080889e-05,1.11913387704005,3.30189776879469,5,0.00267514385589052,"9518"
-2.52856907342923,0.65133058645719,0.000103533028214903,-3.80515356491467,-1.25198458194378,5,0.00362979970567941,"5925"
-2.75550998522155,0.712717100684927,0.000110542305576974,-4.15240983372982,-1.35861013671329,5,0.00385857955922077,"56963"
-2.8422312776663,0.739011529931509,0.000120066445146777,-4.2906672604919,-1.3937952948407,5,0.00412310760694971,"54898"
-5.17196584298862,1.37269179681881,0.000164722504200278,-7.86239232662707,-2.48153935935017,5,0.00521359799008498,"10409"
-4.16428300279541,1.13031823958025,0.000229450305858822,-6.37966604344142,-1.9488999621494,5,0.00689301559144997,"23090"
2.22035533349937,0.603593376641137,0.00023455317223127,1.03733405397582,3.40337661302291,5,0.00699363028679106,"101928847"
3.09333617047494,0.856054153836745,0.000302112481239387,1.41550086013901,4.77117148081088,5,0.00856003250573838,"5027"
2.30773004870506,0.644496716734995,0.000342714297730683,1.04453969575016,3.57092040165996,5,0.00942582496103422,"9314"
2.46341988895055,0.693757258449802,0.000384006172190716,1.10368064837569,3.82315912952541,5,0.0103125697959365,"100289098"
3.15526067155499,0.896883154936709,0.00043476535380906,1.39740198953838,4.9131193535716,5,0.01135086239601,"10397"
-2.82655621622889,0.806102556492988,0.000454131177940756,-4.40648819480081,-1.24662423765697,5,0.011798535098552,"8642"
-2.19258679032171,0.63068367304684,0.000507959170048899,-3.42870407513095,-0.95646950551247,5,0.0128414654209509,"8829"
-2.33992507884507,0.67626992098757,0.000540082987370929,-3.66538976780846,-1.01446038988168,5,0.0134615684602204,"4430"
-3.85054824404299,1.12418221368137,0.000614348349976014,-6.05390489491898,-1.64719159316699,5,0.0147369697425825,"793"
-2.48383048493247,0.727829553192952,0.000643335503246772,-3.91035019607453,-1.0573107737904,5,0.0152715594461198,"9388"
-3.20832438604629,0.941693151162945,0.000656873062715438,-5.0540090468137,-1.36263972527889,5,0.015471091866513,"121551"
-3.33664470765697,0.980361692731262,0.000665324658464136,-5.25811831723297,-1.41517109808098,5,0.0156077337526763,"54212"
-2.73038597726969,0.802378720097105,0.000666833680965891,-4.30301937062136,-1.15775258391802,5,0.0156132089904919,"79630"
-5.67095738677528,1.66977168170118,0.000683166326575679,-8.94364974531446,-2.3982650282361,5,0.0159325573706655,"81849"
2.85530269216719,0.848231766565471,0.000762163423823603,1.19279897915608,4.51780640517829,5,0.0174183824309944,"8612"
-2.06348467819041,0.616500733343883,0.000816641002312233,-3.27180391198695,-0.855165444393866,5,0.0183479679843447,"94241"
-2.52937873589506,0.768006331155958,0.000989713120755569,-4.03464348485948,-1.02411398693064,5,0.0210225082587122,"23220"
2.73294587634701,0.831945002723851,0.00101979525280172,1.10236363389018,4.36352811880383,5,0.0215182194083241,"6616"
-3.93222501808054,1.20341751601513,0.00108483303028538,-6.29088000783485,-1.57357002832624,5,0.0225035845242034,"6876"
2.03918191239572,0.630905392245427,0.00122861828733512,0.802630065942569,3.27573375884887,5,0.0246837769767881,"6663"
4.39190883399577,1.3949100399615,0.0016409680701292,1.65793539399791,7.12588227399363,5,0.0307599561159823,"100506311"
-4.89872789253182,1.55668160161925,0.00165009007948561,-7.94976776710168,-1.84768801796197,5,0.0308479424994228,"64409"
2.37016318817285,0.755335578858954,0.0017016624380423,0.889732657367584,3.85059371897811,5,0.0314541358188305,"26872"
4.46401468294255,1.42385887149685,0.00171764801818942,1.67330257574089,7.25472679014422,5,0.0316031386230192,"7163"
-3.91089935024629,1.25072239784658,0.00176652566320051,-6.36227020468316,-1.45952849580942,5,0.0322310428183275,"1280"
-2.14864792102207,0.68719850190945,0.00176793897104041,-3.49553223499448,-0.801763607049672,5,0.0322310428183275,"2913"
2.01581960214862,0.652739793647907,0.00201343237072135,0.736473115322617,3.29516608897463,5,0.0352560627637178,"6875"
-2.77631429659031,0.899298087231162,0.00202050665203004,-4.53890615892915,-1.01372243425148,5,0.0353024338589082,"1381"
-2.39714727313971,0.779781685127615,0.00211120136692454,-3.92549129179379,-0.868803254485631,5,0.0362684711035763,"11098"
2.13080220999264,0.694532478873131,0.00215520952002838,0.769543565307978,3.4920608546773,5,0.0367742128996108,"1730"
2.05167276069066,0.675637691864965,0.00239225911094437,0.727447218037559,3.37589830334376,5,0.0396687290413561,"147495"
2.21968651690645,0.73169236670052,0.00241627731220366,0.785595830410557,3.65377720340234,5,0.0399838751911543,"4504"
4.99833318573109,1.65722839669892,0.00256065811197962,1.75022521404415,8.24644115741803,5,0.0420675779632326,"26577"
2.31868106518797,0.769734003090894,0.00259263653125181,0.810030141453976,3.82733198892197,5,0.0424181927656707,"5122"
-4.72839556139603,1.57586293771035,0.00269526185967889,-7.81703016387981,-1.63976095891225,5,0.0437321437201339,"26022"
-4.32840684629828,1.45697545100618,0.00297009097102759,-7.18402625662938,-1.47278743596717,5,0.0470495443593169,"22915"
-4.96756091808589,1.67878411915046,0.00308616008601708,-8.25791732943858,-1.67720450673319,5,0.0485028824553147,"2890"
-2.45809204455383,0.836117843944994,0.00328331882128268,-4.0968529055173,-0.819331183590356,5,0.0508006807343368,"59"
-5.29635608297384,1.80244602231993,0.00329882319979352,-8.82908537079837,-1.7636267951493,5,0.0509586253982249,"26585"
3.53647626037016,1.20454735210221,0.00332540853831491,1.17560683257673,5.89734568816358,5,0.0511738534162788,"3202"
3.89711193452332,1.32824465295471,0.00334590020080644,1.29380025207419,6.50042361697246,5,0.0513703561147876,"57110"
-2.36253688968922,0.81812262211956,0.00388003171186162,-3.96602776398103,-0.75904601539741,5,0.0570792039940234,"130733"
-2.91687966966625,1.01859948407441,0.00418832971102027,-4.91329797312318,-0.920461366209318,5,0.0602454784041437,"10346"
-2.26413104109945,0.79393843694693,0.00434763349292111,-3.82022178345746,-0.708040298741446,5,0.0619227227491764,"10186"
2.16393922010155,0.759714927071505,0.00439456177608294,0.674925324523926,3.65295311567917,5,0.0623683713986433,"100874032"
-2.13068569244027,0.752170103984665,0.00461541022766413,-3.60491200649796,-0.656459378382579,5,0.0645267519296215,"23089"
-2.17150681738361,0.774649640320802,0.00505964695177504,-3.68979221304929,-0.653221421717928,5,0.0690259741380369,"57619"
2.21293358206128,0.799411404351748,0.00563662188028141,0.646116020701272,3.7797511434213,5,0.0743051016154102,"3204"
-2.26406347059478,0.820165443719073,0.00577136552900203,-3.87155820164847,-0.656568739541082,5,0.0752778601133609,"120"
2.19429603551181,0.797080647736265,0.00590670570491216,0.63204667317487,3.75654539784874,5,0.076753023346496,"644242"
2.08843715382278,0.764092091398628,0.00627170865504035,0.590844173809578,3.58603013383597,5,0.0802295881838041,"100129196"
-2.46348115753704,0.908823256719654,0.00671560583213763,-4.24474200901996,-0.682220306054117,5,0.0840873973581314,"8490"
2.35249205160797,0.868778653091254,0.00677277211985252,0.649717181011898,4.05526692220405,5,0.0845527820807303,"53822"
-3.18110327932972,1.17918504656557,0.00698175238853661,-5.49226350170642,-0.869943056953026,5,0.0861352777277154,"388585"
2.51507041210627,0.948278586564502,0.00799576821772204,0.656478535129294,4.37366228908324,5,0.0937824262852511,"3209"
2.42222439914365,0.92046744333818,0.00850049746606721,0.618141361259153,4.22630743702815,5,0.0984748987499667,"4286"
2.75354340241892,1.04782235964364,0.00859207520114245,0.69984931532161,4.80723748951624,5,0.0992474899410749,"387758"
2.90194705642982,1.11933689344979,0.0095264810004333,0.708087058701285,5.09580705415835,5,0.106121805110972,"650655"
3.41668220254666,1.3208968773388,0.00969173216532699,0.827771895671197,6.00559250942212,5,0.107362855209233,"23704"
2.96798538668886,1.15026774122196,0.00987270609413252,0.713502041315567,5.22246873206215,5,0.108192661405015,"57221"
-2.72382033816779,1.05693829520845,0.00996373062388406,-4.79538133065752,-0.652259345678058,5,0.108863993775478,"4345"
-2.57282651541937,1.00924437852826,0.0107951726675221,-4.55090914893428,-0.594743881904466,5,0.115187019660409,"84466"
4.73220288242562,1.85969299596322,0.0109398250286034,1.08727158803632,8.37713417681491,5,0.116079573688956,"6277"
-2.46574288045549,0.969370456880501,0.0109699739927816,-4.3656740636184,-0.565811697292567,5,0.116250636790029,"1946"
-2.10592849654118,0.827966992536509,0.0109750162365712,-3.72871398230068,-0.483143010781676,5,0.116250636790029,"9843"
2.74784569386578,1.08225647337796,0.011117084854875,0.626661984009651,4.86902940372191,5,0.11702767286753,"201164"
3.80361883053184,1.49981082436141,0.0112105690608779,0.864043631160145,6.74319402990353,5,0.117651972144161,"3200"
-2.76244488903439,1.09494743093184,0.0116390884902435,-4.90850241862545,-0.61638735944333,5,0.120719596616622,"1124"
2.12450022484414,0.845965838000956,0.0120276864556453,0.466437650211023,3.78256279947726,5,0.123465672033754,"147463"
-3.34672393088017,1.33336501165438,0.0120736866521078,-5.96007133196859,-0.733376529791746,5,0.123778566500273,"57575"
2.78375545771304,1.11044229656353,0.0121798991292193,0.607328549538572,4.96018236588751,5,0.124607701017556,"3569"
-2.39905489507137,0.957426353410226,0.0122197825467421,-4.27557606560493,-0.522533724537812,5,0.124795115995922,"4756"
-2.7319003223762,1.09088860433944,0.0122697768875873,-4.87000269802667,-0.593797946725739,5,0.124905858909248,"5456"
-2.61089047095623,1.04424441270664,0.0124099526631733,-4.65757191091843,-0.56420903099404,5,0.125771006914193,"80816"
-2.9984757234163,1.2008595276337,0.0125269699106334,-5.35211714807014,-0.644834298762458,5,0.126394828598623,"57452"
-2.91520466998441,1.18188889742264,0.0136416327374897,-5.23166434266054,-0.598744997308287,5,0.133319766770258,"153469"
2.71146521197717,1.10660509615281,0.0142754881558886,0.542559078409182,4.88037134554516,5,0.136817486936117,"4609"
2.6062422728856,1.06659030629621,0.0145444789191786,0.515763686285482,4.69672085948572,5,0.137857116885762,"55790"
-3.41863860228371,1.40258324084399,0.0147938241916951,-6.16765123965739,-0.669625964910032,5,0.139227777879599,"7223"
-3.08594857656086,1.26695114528649,0.0148618488245859,-5.56912719149416,-0.602769961627563,5,0.139260689827487,"7991"
3.04369194074063,1.24963722063372,0.0148646310384279,0.594447994557798,5.49293588692346,5,0.139260689827487,"3198"
-2.26123273922101,0.936245410092703,0.0157259802131935,-4.09624002369364,-0.42622545474838,5,0.143747449133487,"51259"
3.28159080617634,1.35995503079659,0.0158212029899385,0.616127925220955,5.94705368713172,5,0.144375340372759,"112464"
2.29623194542239,0.95453641194982,0.0161459716035208,0.425374956068655,4.16708893477612,5,0.146175107275462,"4166"
-2.87727888513443,1.19763580096657,0.0162849634702093,-5.22460192162469,-0.529955848644161,5,0.146850049336789,"273"
-2.02906883557497,0.846793587476071,0.0165670069396472,-3.68875376936754,-0.369383901782406,5,0.148676142479281,"252995"
-2.58733856255376,1.08358374908147,0.0169513808062213,-4.71112368498633,-0.463553440121182,5,0.150729334794226,"23426"
-2.1786450561809,0.915258995617137,0.0172957752073694,-3.9725197241168,-0.384770388245011,5,0.152516421286875,"2901"
2.57199380842988,1.08110821653395,0.0173580485472344,0.453060640633007,4.69092697622674,5,0.15298098918535,"117247"
-2.16830265168582,0.913488263487846,0.0176131728227991,-3.95870674842204,-0.377898554949608,5,0.154429642257976,"11170"
3.72651862086807,1.57658191262425,0.0180949458240201,0.636474853447266,6.81656238828888,5,0.156875312926504,"90293"
3.10708282525281,1.31920049839692,0.0185088938776359,0.521497360007563,5.69266829049807,5,0.159166509507304,"3223"
-3.54487819981742,1.51418807645545,0.0192265915291923,-6.51263229549008,-0.577124104144764,5,0.163574713639293,"2066"
2.25758983024199,0.96471831369507,0.019275767904871,0.366776680173436,4.14840298031054,5,0.163833330072674,"11069"
2.35950609727725,1.00921739945753,0.0193895193136328,0.381476341769322,4.33753585278519,5,0.164434668841611,"8630"
-2.82848667382682,1.2166079256494,0.0200775318626256,-5.21299439140562,-0.443978956248018,5,0.168288647862509,"80000"
-4.38976604809796,1.8995482449849,0.0208354705030104,-8.11281219516462,-0.666719901031297,5,0.172748142133068,"5924"
-2.04450533695593,0.885457354841211,0.0209445648834434,-3.77996986229081,-0.309040811621057,5,0.173562441049709,"5136"
-4.50862085320633,1.95609053234459,0.0211713789196387,-8.34248784710151,-0.67475385931116,5,0.174660849498308,"477"
5.3065668818564,2.30555509184283,0.0213552606171468,0.787761937471527,9.82537182624128,5,0.175778698330612,"503638"
-2.05206926568626,0.894531662322556,0.0217896233881677,-3.80531910686921,-0.298819424503306,5,0.178109328164244,"783"
-2.30260418892372,1.00386793894426,0.021805887531643,-4.27014919448892,-0.335059183358525,5,0.178109328164244,"1600"
-2.74536672109029,1.2007991033494,0.0222377007206013,-5.09888971632311,-0.391843725857469,5,0.1798863092774,"84913"
4.60501673388126,2.03164870886036,0.0234122112818367,0.623058435277652,8.58697503248487,5,0.185898108565823,"5307"
-3.50010444994305,1.54792311537263,0.0237492463489978,-6.53397800691044,-0.466230892975664,5,0.187112714217594,"440823"
3.33216336034798,1.47376387803612,0.0237599616146416,0.443639237681106,6.22068748301486,5,0.187112714217594,"150381"
3.0077863242883,1.33439174719027,0.024192994058114,0.392426558527881,5.62314609004871,5,0.189644541137609,"10402"
-3.08222404270578,1.37615374862381,0.0251079276935135,-5.77943582719823,-0.385012258213327,5,0.194523935907837,"79870"
-2.06038375680062,0.920852103422582,0.0252552975460262,-3.86522071459683,-0.255546799004406,5,0.195190167855722,"7091"
-2.98003258878058,1.33535439730132,0.0256386517079491,-5.59727911408836,-0.3627860634728,5,0.196723315077058,"27086"
-2.97162199397856,1.33421579015865,0.0259310770335606,-5.58663689029416,-0.35660709766296,5,0.198180820123265,"7054"
2.40669116181357,1.08158410405416,0.0260709037757539,0.286825271616396,4.52655705201075,5,0.19850702367105,"27295"
2.09001600482774,0.941863937085412,0.0264852851044869,0.243996609803234,3.93603539985225,5,0.200328718817817,"10669"
-4.96840793627312,2.24069416626518,0.0265990395829249,-9.36008780252187,-0.57672807002436,5,0.200707097224069,"4852"
2.23443630345033,1.00830806560057,0.0266897613423641,0.258188809551966,4.21068379734869,5,0.200913816350574,"84824"
2.00417992655233,0.909030037758404,0.0274719551543661,0.222513791680776,3.78584606142389,5,0.204685954517724,"51142"
-5.62107445870877,2.55377575740035,0.0277300916296864,-10.626382967805,-0.615765949612576,5,0.205648731602398,"9353"
-2.12065694952845,0.964647181155258,0.0279223418689912,-4.01133068238084,-0.22998321667606,5,0.206402779190986,"2239"
-2.22425170017254,1.01575756047722,0.028542616886644,-4.21509993573215,-0.23340346461293,5,0.209424386466907,"26011"
-4.23389946296244,1.93365315011791,0.0285542904065649,-8.02378999578597,-0.444008930138904,5,0.209424386466907,"10642"
-2.33592354309023,1.07047554687705,0.0290994752645361,-4.43401706130006,-0.237830024880395,5,0.211864367603779,"4330"
-3.36757701439609,1.54419891673215,0.0291987868117744,-6.39415127615687,-0.341002752635307,5,0.212393546384599,"30820"
-4.68285627995697,2.14933665866785,0.0293506243597625,-8.89547872159762,-0.470233838316323,5,0.212839822129686,"55885"
2.75530983151446,1.2683581377026,0.0298297468684123,0.269373562119068,5.24124610090986,5,0.21521669925143,"2161"
2.33027454555936,1.0747474956228,0.0301429756810635,0.223808161664053,4.43674092945466,5,0.217083859171253,"285958"
2.16881110429863,1.0006338632432,0.0302015298762142,0.20760477063078,4.13001743796648,5,0.217211363654359,"7070"
-5.6444461291509,2.60576248134721,0.0303004966074357,-10.7516467448572,-0.537245513444645,5,0.217446164187664,"6857"
2.35193356785934,1.08581591368001,0.0303072250671058,0.223773483206068,4.48009365251261,5,0.217446164187664,"286467"
-2.94420439744669,1.35964351105893,0.0303552462282615,-5.60905671093578,-0.2793520839576,5,0.217532294624092,"26289"
-2.68143874390918,1.23879937999133,0.0304224392107348,-5.10944091276273,-0.25343657505562,5,0.217818110542927,"27233"
-3.09280537203917,1.42974082659398,0.0305263371404292,-5.89504589938989,-0.290564844688442,5,0.218072606387876,"57537"
-3.34891337629783,1.54836254645857,0.030550858007339,-6.38364820236735,-0.314178550228313,5,0.218150083676397,"9068"
2.84527550026354,1.31815143406472,0.030886290023684,0.261746163326872,5.42880483720021,5,0.219269291703519,"9844"
3.30811307526017,1.53296910205318,0.0309295687685736,0.303548845823222,6.31267730469711,5,0.219478861653152,"1116"
-2.64184738658746,1.23321142127386,0.0321733556618234,-5.05889735760767,-0.224797415567247,5,0.224313535628237,"23508"
-2.9125380522383,1.36114354649523,0.0323731255964665,-5.58033038115807,-0.244745723318527,5,0.225115998044827,"894"
-2.60353029646546,1.21714514180683,0.0324318865814975,-4.98909093836475,-0.217969654566178,5,0.225297194189826,"55083"
-3.35625309216402,1.57101235332094,0.0326498152588546,-6.43538072394058,-0.277125460387468,5,0.226018932574457,"23336"
2.36091315750993,1.10609851518345,0.032805875030384,0.192999904397139,4.52882641062271,5,0.226251326625458,"10396"
-3.87144314805138,1.8206785587001,0.0334721492245623,-7.43990755052786,-0.302978745574887,5,0.228769376362561,"7704"
-4.33649616648039,2.04712507099484,0.0341467280032048,-8.34878757747928,-0.324204755481492,5,0.232186106183769,"4692"
-3.58688324080239,1.70202595513659,0.0350812046266771,-6.9227928136225,-0.250973667982279,5,0.236124631310023,"7903"
2.55413828126986,1.21389563009129,0.0353711268680143,0.174946565300378,4.93332999723934,5,0.237275111773997,"2294"
-3.07036086121111,1.46650105549424,0.0362898979607194,-5.94465011326979,-0.196071609152426,5,0.24160953767504,"8395"
-2.10596442435703,1.01151787240623,0.037343895238315,-4.08850302399181,-0.123425824722241,5,0.245633665730851,"58494"
2.33072682101419,1.12164130762195,0.0377129572907267,0.13235025450276,4.52910338752562,5,0.247062461889804,"9542"
-3.75618105138152,1.80780201696502,0.0377313507958369,-7.29940789581182,-0.212954206951223,5,0.24708148928374,"4232"
-5.2963598012363,2.5548694667313,0.0381680762570406,-10.3038119412307,-0.288907661241903,5,0.248716157047513,"2674"
-4.54585011354555,2.19658338803427,0.0384983040084227,-8.8510744431317,-0.240625783959407,5,0.249525907544959,"220164"
3.7081184391807,1.79343574592918,0.0386770910826681,0.19304896857279,7.22318790978862,5,0.249818381433113,"56704"
-4.17892035222992,2.02252862036502,0.0388109187569814,-8.14300360584684,-0.214837098612996,5,0.250248187286763,"29906"
-3.30200516220921,1.59811726223321,0.0388110591366256,-6.43425743925805,-0.169752885160366,5,0.250248187286763,"57482"
2.51794839345577,1.22666566332379,0.0401039141743267,0.113727872269198,4.92216891464234,5,0.254205932713231,"112399"
-2.91061603988842,1.41900237010361,0.0402503292620562,-5.69180957926847,-0.129422500508357,5,0.254709546989418,"710"
3.4649737996543,1.69461585418993,0.0408848649476717,0.143587757811455,6.78635984149715,5,0.257682878563911,"10382"
-4.26037699070547,2.09100519440943,0.0416021687392221,-8.35867186323413,-0.162082118176814,5,0.259842519862205,"440738"
-3.65502332696035,1.79540096496942,0.0417734615719656,-7.17394455610888,-0.136102097811815,5,0.260186761153235,"256435"
2.8271579771363,1.39551703126406,0.0427765004890016,0.0919948560464814,5.56232109822613,5,0.264279913168301,"12"
-2.09897357256204,1.03823107972336,0.0432091661271363,-4.13386909644996,-0.0640780486741082,5,0.265308936897644,"2170"
-2.54105422327917,1.259619717363,0.0436622808884143,-5.00986350352718,-0.0722449430311616,5,0.266838620983918,"11279"
-2.87839406378812,1.43140970235482,0.0443380653361578,-5.68390552752476,-0.0728826000514728,5,0.269235180145561,"23180"
3.04597522166839,1.51651292199923,0.0445860548849628,0.0736645124603004,6.01828593087648,5,0.269816672050427,"400916"
2.91289210697688,1.45298789980026,0.044988704433224,0.0650881533958692,5.76069606055788,5,0.271224419168099,"400043"
-3.26215759986506,1.62827349855133,0.0451294663930761,-6.45351501400671,-0.0708001857234151,5,0.271646991838137,"4237"
2.13473919159858,1.06761246963443,0.04554941641582,0.0422572016692304,4.22722118152793,5,0.272442553680225,"134265"
4.93895986150128,2.47737888203727,0.0461932547842305,0.0833864766481316,9.79453324635444,5,0.274783745364717,"1770"
-3.94686871705357,1.98203157845304,0.0464451862230012,-7.83157922704261,-0.062158207064527,5,0.275732642586273,"132671"
-2.42470935139139,1.22683022305081,0.0481092979807949,-4.82925240371621,-0.0201662990665579,5,0.2818360342966,"2847"
-2.1093743239656,1.06846088769895,0.0483570019150393,-4.20351918274524,-0.015229465185961,5,0.282767923221667,"51201"
-2.73477437992943,1.39231774602617,0.0495082463724268,-5.46366701717671,-0.00588174268215136,5,0.286503947291742,"254228"
2.84488229378952,1.4527667455577,0.0502005382199659,-0.00248820544103312,5.69225279302008,5,0.28857621105762,"6387"
2.17757411315437,1.1126716603511,0.0503394727974719,-0.00322226775216761,4.35837049406091,5,0.288854413692544,"1029"
-2.69835069266228,1.37919586137626,0.0504102085851179,-5.40152490858644,0.00482352326187785,5,0.289111618689045,"64789"
-3.16511507619584,1.61809386179324,0.0504561649668132,-6.33652076891593,0.00629061652424179,5,0.289111618689045,"1993"
-3.08846034682937,1.58009784227219,0.0506302187726548,-6.1853952097323,0.00847451607356797,5,0.289323357630102,"51363"
-2.13550344514201,1.09376413037154,0.0508865728922048,-4.27924174825199,0.00823485796797829,5,0.290169817039098,"863"
2.48346484853572,1.2721357669236,0.0509143331858773,-0.00987543807977742,4.97680513515123,5,0.290169817039098,"1306"
-2.50282838544317,1.28305024812877,0.0510943885204946,-5.01756066213073,0.0119038912443994,5,0.290676778059533,"55107"
-2.22910591428572,1.14312040554669,0.0511739166081181,-4.46958073915006,0.0113689105786139,5,0.290818068305202,"23414"
-3.39272146944719,1.7435652450022,0.0516724133533682,-6.81004655434727,0.0246036154528828,5,0.292487789732736,"22941"
-2.10861061075743,1.08715165792965,0.0524315367952582,-4.23938870603255,0.0221674845176842,5,0.294477515880708,"8708"
2.18221675874633,1.12525592884078,0.0524639606402315,-0.0232443351717788,4.38767785266443,5,0.294477515880708,"170691"
2.68395033989798,1.38540466914548,0.0527081642603991,-0.0313929156407875,5.39929359543676,5,0.295536251768677,"105376805"
3.68934332753771,1.90715172672403,0.0530543670681917,-0.0486053698947693,7.42729202497018,5,0.296640489600108,"3221"
3.54054369998764,1.830674777823,0.0531118733042133,-0.0475129319512968,7.12860033192657,5,0.296652872180956,"3225"
-2.67389569693522,1.39029070365654,0.0544469360508308,-5.3988154041429,0.0510240102724491,5,0.300585262458883,"10653"
-2.53443878245652,1.3227150829617,0.0553538680927176,-5.12691270686936,0.0580351419563265,5,0.303021586758761,"102724434"
2.99015856260957,1.56126736027952,0.0554654254686137,-0.0698692337762052,6.05018635899534,5,0.303253185915846,"4110"
-2.34809853694161,1.22793346805485,0.0558459353706371,-4.75480390974049,0.0586068358572618,5,0.304389275677094,"5358"
2.65799753593469,1.39246769651173,0.0562827815553355,-0.0711889988637542,5.38718407073313,5,0.305902191267704,"28232"
-2.53691180202823,1.33036496718819,0.0565297563858023,-5.14437922401088,0.0705556199544235,5,0.306239180519181,"80005"
-3.0116458127504,1.58031368815029,0.056685687860561,-6.10900372580062,0.0857121002998293,5,0.306385315778941,"85445"
4.25438303607839,2.2423363111663,0.0577884518914528,-0.140515375033949,8.64928144719073,5,0.309238975032692,"26353"
-3.74429576791261,1.97546448480954,0.0580394030123024,-7.61613501087727,0.127543475052059,5,0.309647008980685,"153478"
-2.47523430981622,1.30663273026344,0.058177086563705,-5.0361874021538,0.0857187825213526,5,0.310174092534834,"54437"
4.04162817400375,2.13995779945782,0.0589389382434759,-0.152612041369156,8.23586838937666,5,0.312330580386134,"3226"
-2.24862522711054,1.19434943461764,0.0597383622214568,-4.5895071039169,0.0922566496958157,5,0.313783056869396,"57216"
-3.12296853149175,1.65966893243443,0.059879256261675,-6.37585986532327,0.129922802339765,5,0.314208518383631,"23732"
2.22858305019585,1.18578303200926,0.0601873166635943,-0.0955089860210143,4.55267508641271,5,0.314996087735452,"255231"
3.37108012785031,1.7961476990874,0.0605401575953165,-0.14930467327549,6.89146492897611,5,0.315504502762458,"4774"
-3.39314017489823,1.80800232242834,0.0605545037675375,-6.93675961082255,0.150479261026102,5,0.315504502762458,"3671"
2.78608527415494,1.48517980859272,0.0606656400991083,-0.124813661252878,5.69698420956275,5,0.31559382782969,"348751"
-2.87039526541209,1.53444382121775,0.0613947002940962,-5.87784989129889,0.137059360474714,5,0.317255671879307,"9118"
-2.6485449546081,1.4174730249851,0.0616927434262887,-5.42674103263594,0.129651123419731,5,0.318074545292876,"4753"
-2.26600885431612,1.21387868043148,0.0619364125507983,-4.64516734956283,0.113149640930581,5,0.318530630866827,"53844"
2.78012296443164,1.49332208182521,0.0626448932730145,-0.146734533264139,5.70698046212742,5,0.32029209534972,"91851"
-2.7202750945968,1.46483382893057,0.0633035132341876,-5.59129664263663,0.150746453443024,5,0.321498079288844,"391712"
3.24481046230801,1.74815564155867,0.063434514486291,-0.181511634517491,6.67113255913351,5,0.321498079288844,"84649"
-3.58646495147579,1.93450655750156,0.0637473106928953,-7.37802813203542,0.205098229083835,5,0.322517316895993,"55130"
-2.79827436945045,1.5100710301264,0.063871657444629,-5.75795920259549,0.1614104636946,5,0.322941578306409,"2162"
2.19293533684395,1.18506231228997,0.0642442486576416,-0.129744114680148,4.51561478836805,5,0.324237903341139,"653390"
-4.69887063729677,2.54193911346995,0.0645245756057109,-9.68097975059155,0.283238475998003,5,0.325212015817472,"26047"
-2.44293554544888,1.32508023906465,0.0652395170945759,-5.04004509064133,0.154173999743565,5,0.327295775170492,"10398"
2.1451327974726,1.16619968014504,0.0658532101157168,-0.140576574393813,4.43084216933902,5,0.328278252426848,"220416"
-3.06971208032451,1.67208988003543,0.066379324549639,-6.34694802410784,0.207523863458825,5,0.329460150167662,"57822"
-2.42793031918456,1.3230662055549,0.0664940622666018,-5.02109243123424,0.165231792865115,5,0.329616114528343,"85416"
-3.14330389697333,1.71377279445611,0.0666328112604642,-6.50223685179188,0.215629057845209,5,0.329794168546983,"1305"
2.41353723590814,1.31719267871328,0.0669016399220035,-0.168112975069735,4.99518744688601,5,0.330407108370217,"114794"
-2.09319881468569,1.14271222750903,0.0669840201385063,-4.33287362529693,0.146475995925545,5,0.330493490933967,"6752"
2.24432308832006,1.225953077596,0.0671488915279731,-0.158500790504134,4.64714696714426,5,0.330714990148223,"3203"
-2.22050571499563,1.21409669853724,0.0674091278540617,-4.60009151787761,0.159080087886346,5,0.331468343584249,"51816"
2.086073407509,1.14757652224672,0.0690935334783516,-0.163135245598294,4.3352820606163,5,0.334676100260547,"105373113"
-3.45826291193252,1.90386175302053,0.0693019162011615,-7.18976337939606,0.27323755553102,5,0.335001262800281,"9537"
-3.82434900618437,2.11174751351241,0.0701427385402995,-7.9632980771107,0.314600064741966,5,0.33728239338771,"23194"
3.42643414863642,1.89255220820771,0.0702208733474199,-0.282900018312432,7.13576831558528,5,0.337389377906419,"7039"
-4.06099149596994,2.24493185522053,0.0704572478020141,-8.46097707994887,0.338994088008997,5,0.337720557974077,"255738"
-2.18683515419653,1.20920877172058,0.0705311484966012,-4.55684079655877,0.183170488165716,5,0.337737697422083,"9630"
-2.66902374595026,1.48003745759443,0.0713334560023781,-5.56984385860557,0.231796366705044,5,0.339506011155767,"645369"
-3.19753591046175,1.77548096094547,0.0717122283636423,-6.67741464915144,0.282342828227943,5,0.339972549509311,"1003"
-2.95406993682791,1.64130710370211,0.0718878537335829,-6.1709727476538,0.262832873997975,5,0.340283395477185,"8128"
-2.11720012557217,1.17675089300506,0.0719884041374982,-4.42358949463743,0.189189243493085,5,0.340452149336196,"634"
-2.87681030696525,1.59914719626888,0.0720241707546987,-6.01108121763047,0.257460603699968,5,0.340452149336196,"51473"
-2.46230568484621,1.3707160466301,0.0724365613780071,-5.14885976927234,0.224248399579915,5,0.341535046250819,"10391"
-3.56541329452395,1.98554506817176,0.0725446449387581,-7.45701011782174,0.326183528773829,5,0.341870657625722,"23266"
2.58038294158525,1.44077912063617,0.0732991385240356,-0.243492244538935,5.40425812770944,5,0.344104725643148,"10457"
-2.59507079693863,1.45284067510222,0.0740661254233737,-5.44258619541383,0.252444601536569,5,0.345492853848798,"348980"
-5.35588140818581,2.99858025599738,0.0740767403856154,-11.2329907146936,0.521227898321951,5,0.345492853848798,"23213"
3.7399480566464,2.09477434778992,0.074201261113715,-0.365734220760236,7.84563033405303,5,0.345492853848798,"2019"
-2.41526785381793,1.35369542544067,0.0743906352633934,-5.06846213371827,0.237926426082403,5,0.346071570055892,"375033"
2.10990870453556,1.18351258186847,0.0746267812661324,-0.209733331176651,4.42955074024777,5,0.346584485567394,"29798"
-2.30211709792746,1.29134804990545,0.07463125049674,-4.83311276724817,0.228878571393253,5,0.346584485567394,"284297"
-3.05708861848205,1.71774209204013,0.075122876387935,-6.42380125360919,0.309624016645084,5,0.346948501488228,"7546"
-2.1761485238683,1.22397471602742,0.0754143918489072,-4.57509488526969,0.222797837533086,5,0.347690860917274,"85442"
-3.2023897760019,1.80305174672743,0.075717389652268,-6.7363062618497,0.3315267098459,5,0.348467842306681,"120114"
-2.37553376262864,1.33933792256866,0.0761189539574353,-5.0005878539919,0.249520328734618,5,0.34952210279332,"4035"
-3.41170693863056,1.92409194183699,0.0762035695155316,-7.18285784757479,0.359443970313668,5,0.349611544697084,"999"
-2.70838406301622,1.5307321157394,0.0768373152536742,-5.70856387984425,0.291795753811811,5,0.351205975050605,"389421"
2.15070972519437,1.21819983188052,0.0774828135151521,-0.236918071264194,4.53833752165294,5,0.352160778694589,"9633"
2.44434026269905,1.38719269261487,0.0780562979023935,-0.274507454443236,5.16318797984134,5,0.353536077268308,"1852"
3.0986036122173,1.76138551336064,0.0785460296900016,-0.353648556860136,6.55085578129474,5,0.354687821330763,"146540"
-2.29130721648557,1.3031007414759,0.0786879714318292,-4.84533773800576,0.262723305034632,5,0.354848975973376,"5139"
2.93558320108221,1.67370465854842,0.079440209939177,-0.344817650429613,6.21598405259403,5,0.357167482793053,"401207"
-3.42466979160232,1.95466544779283,0.0797653696026302,-7.25574367110113,0.40640408789649,5,0.357484414851742,"5317"
-2.98447362960304,1.71007767249231,0.0809453729611421,-6.33616427845405,0.367217019247966,5,0.360258662972735,"9699"
-3.68486093493594,2.11480504306457,0.0814364396206226,-7.82980265366619,0.460080783794297,5,0.360824564503846,"9348"
-3.1867138810472,1.83082574555605,0.0817557690987226,-6.77506640430575,0.401638642211362,5,0.361365483142927,"56925"
-2.60478771637926,1.49783579985683,0.0820287433511047,-5.54049193885339,0.330916506094872,5,0.362170637679718,"140766"
-2.18005984571502,1.25698522100616,0.0828549389752614,-4.6437056079862,0.283585916556168,5,0.364205562560863,"147660"
-2.49237814773568,1.43731853495838,0.082909712845783,-5.30947071056598,0.324714415094606,5,0.364245590557954,"146433"
-4.53961663458143,2.61851928755667,0.0829788015591164,-9.67182013101598,0.592586861853116,5,0.364348428976335,"107985879"
-2.52416413744311,1.45774491013129,0.0833529893061457,-5.38129165994701,0.332963385060801,5,0.365154156569804,"1016"
-2.0174672718538,1.16580763512208,0.0835352914886661,-4.30240824959489,0.267473705887283,5,0.365383868885989,"84665"
-3.54671371508358,2.05197918260722,0.0839101710900219,-7.56851901001967,0.475091579852517,5,0.366098267098548,"2201"
-3.01946970364034,1.75064740893241,0.0845683563912659,-6.45067557477623,0.411736167495547,5,0.366949704593471,"55786"
-3.81917459732524,2.21532195982211,0.0847111404078929,-8.16112585273726,0.522776658086775,5,0.367004919007797,"56101"
-3.15402710794562,1.83062244423999,0.0849018977382981,-6.74198116794668,0.433926952055444,5,0.367332444354659,"283078"
-2.96388489246251,1.72122153452233,0.0850756849578633,-6.33741710954104,0.409647324616017,5,0.367470874620446,"389136"
-2.06615170446753,1.20005848271171,0.085122213811141,-4.41822310992427,0.285919700989213,5,0.367470874620446,"10586"
-3.62428274806095,2.10792132956343,0.0855482253659302,-7.75573263624906,0.507167140127158,5,0.368231325158478,"1001"
2.42229477492919,1.40974086663739,0.0857500511174073,-0.34074655121438,5.18533610107276,5,0.368702106583526,"3201"
-3.02380773230578,1.76006063269795,0.0857941731631842,-6.47346318300054,0.425847718388969,5,0.368792414524148,"54769"
3.38851683629721,1.97317206688425,0.0859254414076494,-0.478829350096373,7.2558630226908,5,0.369058331000222,"29780"
-2.06937033820053,1.20600479871717,0.0861823649323569,-4.43309630886867,0.294355632467611,5,0.369524778685231,"158314"
2.84604966852765,1.66000801487741,0.0864407035990706,-0.407506254679892,6.0996055917352,5,0.369877173769413,"389895"
-2.6195004359715,1.5286167288478,0.0865946623912146,-5.61553417067861,0.376533298735623,5,0.370337035490824,"8618"
2.19919366208172,1.28396439929377,0.086746553936368,-0.317330317965678,4.71571764212912,5,0.37039023794968,"79836"
-3.04792201608519,1.77955193435401,0.0867591172413539,-6.53577971603763,0.439935683867253,5,0.37039023794968,"22801"
3.48713746216789,2.03679360645132,0.0868833862813415,-0.504904650418141,7.47917957475393,5,0.370504720458979,"6285"
2.51703245559014,1.47126160260678,0.0871182773359995,-0.366587297355826,5.40065220853611,5,0.370504720458979,"816"
-2.80478447242237,1.63953394640665,0.0871327057354083,-6.01821195881022,0.408643013965475,5,0.370504720458979,"6496"
-3.8700343286137,2.26437759200604,0.0874335247210392,-8.30813285634508,0.568064199117671,5,0.37090565905851,"6547"
-4.34249355939553,2.5408544740165,0.0874383188866539,-9.32247681842533,0.637489699634272,5,0.37090565905851,"26002"
-3.28193161286046,1.92110490150371,0.0875702553166776,-7.0472280303311,0.483364804610178,5,0.370924984833633,"157"
-2.31086075991582,1.35377330491265,0.0878262086590922,-4.96420768077638,0.342486160944738,5,0.371190019483601,"114795"
-2.35732173358824,1.38201382104922,0.0880611516060088,-5.06601904898129,0.351375581804807,5,0.37182411075147,"57611"
2.03924103775945,1.19743531000725,0.0885667079851553,-0.307689043671311,4.38617111919021,5,0.371878068279,"9099"
-3.17810705507374,1.86638461230873,0.0886027608933804,-6.8361536764986,0.479939566351121,5,0.371878068279,"390963"
-4.84207018824537,2.84483177573274,0.088744396954499,-10.4178380107567,0.733697634265936,5,0.371952343725215,"1601"
-3.14932796355022,1.85056597380105,0.0887893412686555,-6.77637062321557,0.477714696115124,5,0.371996445073384,"158160"
-2.67471651161059,1.57363883073332,0.0891870594914549,-5.75899194452162,0.409558921300442,5,0.372913095779882,"3566"
2.71414866104623,1.59748615633942,0.0893168622811133,-0.416866671180365,5.84516399327282,5,0.373263004892306,"55283"
-2.14817906818436,1.26506288372488,0.0894925016986492,-4.6276567584635,0.331298622094786,5,0.373615385264813,"10148"
-2.0281421293669,1.19595633283197,0.0899175246994641,-4.37217346880015,0.315889210066351,5,0.374221825034044,"644809"
2.69293533972748,1.58814537032047,0.0899525833629168,-0.41977238831467,5.80564306776962,5,0.374262809025886,"220388"
-2.1229424641244,1.2532000035318,0.0902619990618855,-4.57916933647218,0.333284408223391,5,0.374725058993313,"3115"
-2.25626829308039,1.33331178360662,0.0906024011232568,-4.86951136911222,0.356974782951436,5,0.375323605868788,"10410"
-3.11867363783602,1.84731161002797,0.0913684619477782,-6.73933786171355,0.501990586041507,5,0.377110297435996,"9369"
-2.73282601196764,1.61921628350978,0.0914599730016738,-5.90643161082761,0.440779586892334,5,0.377189630124794,"9750"
-2.77975616553416,1.65070320985414,0.0921849516159951,-6.01507500601295,0.455562674944626,5,0.378223854984145,"81606"
2.2822478917173,1.35626216223539,0.0924238209593725,-0.37597709985847,4.94047288329308,5,0.378725500141611,"388531"
-2.65251725181092,1.57739331129122,0.0926497939324085,-5.74415133139609,0.439116827774254,5,0.379155852439656,"8787"
-2.24842017779233,1.33798196933924,0.0928685774884191,-4.87081664966121,0.373976294076558,5,0.379221468557838,"284266"
2.39871256507204,1.42767409861131,0.092927327018091,-0.399477249866811,5.1969023800109,5,0.379221468557838,"3781"
-2.7724543704114,1.65078100686819,0.093058452682817,-6.00792569023582,0.46301694941301,5,0.379546933007481,"65999"
4.37871367716926,2.60947211986697,0.0933456431857934,-0.735757696431395,9.49318505076991,5,0.380209488345368,"51438"
-4.4190242579327,2.63501893002283,0.0935352456112071,-9.58356645935872,0.745517943493322,5,0.380482972994114,"8793"
-2.10341033303167,1.25611749121784,0.094025872235802,-4.56535537616944,0.358534710106097,5,0.381371823407355,"7481"
-2.92214122002951,1.74679276796073,0.0943546941178633,-6.34579213368758,0.501509693628556,5,0.381959158881652,"147741"
2.68509367734165,1.60545412231081,0.09442924615677,-0.461538581218898,5.8317259359022,5,0.382027728808723,"27022"
-2.32252158694164,1.39099209314123,0.0949812826710571,-5.04881599227844,0.403772818395165,5,0.383412159341103,"23554"
-3.00599396658543,1.80063081891428,0.0950358373893381,-6.53516552111029,0.52317758793943,5,0.383412159341103,"6469"
-3.06808571920744,1.83833536923639,0.0951277308306343,-6.6711568344169,0.534985396002023,5,0.383588868101688,"2736"
-3.59971340918698,2.15803400104045,0.0953053606448461,-7.82938232863914,0.629955510265184,5,0.383825283337591,"7162"
-2.08411718415767,1.24959639826285,0.095349030057641,-4.53328111996383,0.365046751648488,5,0.383825283337591,"90993"
-3.52447821672896,2.11551684182656,0.0957108575197562,-7.67081503539694,0.621858601939013,5,0.384411181902991,"338773"
2.16840815482483,1.30198865276085,0.0958213033860911,-0.383442712866267,4.72025902251593,5,0.384411181902991,"66000"
-2.78350613479886,1.67176953304765,0.0959115788745911,-6.06011421002359,0.493101940425865,5,0.384411181902991,"23500"
-4.19366000820283,2.52002162892399,0.0960851516074186,-9.13281164115581,0.745491624750158,5,0.384412843074636,"8519"
-2.09248647692379,1.25756015943694,0.096127308865642,-4.55725909781265,0.372286143965067,5,0.384412843074636,"64399"
2.09205899369572,1.257733942969,0.0962412439708945,-0.373054236657068,4.55717222404851,5,0.384772010983386,"137075"
2.12283725750319,1.27977904396279,0.0971655858805161,-0.385483576832983,4.63115809183935,5,0.38643366391573,"80258"
-3.65817538182581,2.20701111262046,0.0974134439894908,-7.98383767604158,0.667486912389961,5,0.386937066364631,"56944"
2.60488181885585,1.57234601144595,0.0975832071983481,-0.476859734813419,5.68662337252511,5,0.387202761769991,"2290"
-3.75365490622955,2.26938440707026,0.0981191778237452,-8.20156661116405,0.694256798704949,5,0.388772261461595,"6622"
2.06799031255502,1.25151419633834,0.0984549474813454,-0.384932438408719,4.52091306351875,5,0.389394460489987,"100505832"
-2.27614349183324,1.37964025961446,0.0989819221905013,-4.98018871229907,0.427901728632583,5,0.389966384797075,"5366"
-3.3709045320593,2.04321385931312,0.0989828167028183,-7.37553010902611,0.633721044907511,5,0.389966384797075,"1008"
-2.23066964866305,1.35309880108853,0.099237038034604,-4.88269456632089,0.421355268994792,5,0.390299719310179,"51393"
2.55745370541259,1.55132989287842,0.0992386949299202,-0.483097012769496,5.59800442359467,5,0.390299719310179,"7274"
3.09080529827103,1.87708581687997,0.0996407515283786,-0.588215298704658,6.76982589524672,5,0.39110394026609,"286499"
-2.67959980492998,1.62832656812963,0.0998428996900549,-5.87106123353377,0.511861623673814,5,0.391325291365051,"55024"
-2.32998753821772,1.41656595481431,0.100008170700298,-5.10640579137936,0.446430714943916,5,0.391396059620009,"100506108"
-2.15815525706605,1.31300501736219,0.100243079529692,-4.73159780261632,0.415287288484224,5,0.391834747526991,"5919"
-2.1961566220654,1.34030347154621,0.101306644429561,-4.82310315464997,0.430789910519168,5,0.393389384600867,"6332"
-2.83575786067565,1.73355939743257,0.101881283162768,-6.23347184470444,0.561956123353143,5,0.394306200687486,"5618"
-2.12517855528679,1.30065033160418,0.102272426083551,-4.67440636171105,0.424049251137482,5,0.394832947939207,"84812"
-2.89835472593619,1.77431400485272,0.102362364844236,-6.37594627271254,0.579236820840162,5,0.394980727806273,"2904"
-2.89874410707048,1.77705125340953,0.102845976569892,-6.38170056243491,0.584212348293952,5,0.39584315743722,"72"
-2.90085290879421,1.78096178212919,0.103352706281259,-6.3914738596097,0.589768042021272,5,0.396317877547753,"80144"
-2.97708100294578,1.83016251005755,0.10380597830942,-6.564133608514,0.609971602622435,5,0.397101430693495,"93145"
-3.29168674477553,2.02767772303317,0.104508694429015,-7.26586205417473,0.682488564623671,5,0.397881311105404,"153572"
2.41247258975558,1.48759934913521,0.104862886318683,-0.503168557974655,5.32811373748581,5,0.39814573971731,"84267"
-3.9179032643092,2.41607035341557,0.104888705262311,-8.65331414111867,0.817507612500274,5,0.39814573971731,"775"
-2.42494477462722,1.49560219714564,0.104935410079373,-5.35627121623164,0.506381666977199,5,0.398175466599943,"284217"
-3.53982332998992,2.18489627765615,0.105203634382643,-7.82214134415159,0.742494684171752,5,0.398435036959145,"83604"
-2.01468885469267,1.24362810656324,0.105230321261029,-4.45215515371836,0.42277744433302,5,0.398441510741975,"93517"
2.60961485712601,1.61100142882433,0.105259942343431,-0.547889922412243,5.76711963666426,5,0.398459088814052,"55531"
2.34336194408643,1.45012887415938,0.106101218939188,-0.498838422207562,5.18556231038042,5,0.39956330604,"284576"
-2.84581847434116,1.76173192598844,0.106234330881504,-6.29874959969289,0.607112651010575,5,0.39956330604,"203111"
-3.66135554346723,2.26671225140021,0.106251927468549,-8.10402991952734,0.781318832592876,5,0.39956330604,"6943"
2.50182551898752,1.54912399092613,0.106312054554258,-0.534401710814652,5.5380527487897,5,0.399668213058326,"26298"
-3.39902490853706,2.10670942744441,0.106651458144489,-7.52809951221909,0.730049695144977,5,0.400401049734262,"63976"
-2.89672482385604,1.79552697454959,0.10667920677389,-6.4158930272434,0.62244337953131,5,0.400410989754609,"8228"
-2.14169909082574,1.32781213221731,0.106754632721762,-4.74416304820701,0.460764866555523,5,0.400455918084153,"9413"
-2.11768202239375,1.3129664275657,0.106766488190315,-4.69104893333274,0.455684888545238,5,0.400455918084153,"4327"
-2.61390252034431,1.62128625344959,0.106909727962407,-5.79156518573539,0.563760145046772,5,0.400764325556089,"64919"
3.7305015770073,2.31538668846998,0.107140791877005,-0.807572942677331,8.26857609669193,5,0.400764325556089,"23209"
-2.16321695580195,1.34293820923388,0.107221358559913,-4.79532747936308,0.468893567759174,5,0.400764325556089,"9536"
-2.68851783097894,1.66930188566148,0.107274745263914,-5.96028940620024,0.583253744242358,5,0.400764325556089,"171024"
2.65879383724585,1.65144960850916,0.107403148396442,-0.577987917714872,5.89557559220658,5,0.400864535147414,"3690"
-2.95353394373298,1.83711814636382,0.107901005951114,-6.55421934595105,0.647151458485093,5,0.401970305215361,"51050"
2.58376705675873,1.60733680176048,0.107948391213011,-0.566555185717593,5.73408929923506,5,0.402036192366827,"2304"
2.66465251281809,1.65809861439702,0.108042721029853,-0.585161054215842,5.91446607985202,5,0.402216449444159,"115019"
-2.61376004530676,1.62752652012102,0.108280328880297,-5.80365340862776,0.576133318014234,5,0.402349826764149,"54511"
3.26499767011681,2.03542057867695,0.108694229450949,-0.724353357481695,7.25434869771531,5,0.403136560846671,"3213"
-3.15866282761686,1.97415144326423,0.109596277701158,-7.02792855644252,0.710602901208797,5,0.404413560464696,"8200"
-2.83325769870911,1.77439016283377,0.110321419451125,-6.31099851238547,0.644483114967245,5,0.40530798781307,"133022"
-2.68673611503295,1.69220354061976,0.112350910479239,-6.00339410915885,0.629921879092951,5,0.408902971472694,"60598"
-2.01113645498376,1.26800058863926,0.11272365287438,-4.49637194109231,0.474099031124782,5,0.409605401059708,"100505933"
2.00704188890202,1.26939278013078,0.1138542807157,-0.480922242389476,4.49500602019351,5,0.412062394904575,"81706"
-2.99808509389213,1.89650963050781,0.113913804844904,-6.7151756660208,0.719005478236541,5,0.412062394904575,"442213"
-2.8086139359246,1.77666471300193,0.113915747122741,-6.29081278601157,0.673584914162378,5,0.412062394904575,"51765"
2.50671011411437,1.58569035382648,0.113916446936383,-0.601185870018111,5.61460609824685,5,0.412062394904575,"7504"
2.99506529952317,1.89541330468588,0.114069140993882,-0.7198765134792,6.71000711252554,5,0.41233422550066,"3142"
3.04312424189726,1.92680469612871,0.114252795625576,-0.733343567757655,6.81959205155217,5,0.412663042968107,"9615"
-2.00359522989571,1.26906635601159,0.114383155926478,-4.49091958166991,0.483729121878486,5,0.412892547570558,"8412"
2.1439563648545,1.35816753214446,0.114435760745317,-0.518003083120281,4.80591581282928,5,0.412910937663266,"1573"
2.24875004014715,1.42486318062992,0.114514678805197,-0.543930476784674,5.04143055707897,5,0.412941404895583,"151354"
2.65388050651453,1.68291846165325,0.114806724292788,-0.644579067243392,5.95234008027245,5,0.413562072857529,"55897"
-2.05264523999397,1.30312490573813,0.115216858868262,-4.60672312259786,0.501432642609917,5,0.414039607296074,"89932"
4.33591065827035,2.75706102371149,0.115798317044032,-1.06782965138329,9.739650967924,5,0.414687360249123,"79784"
-2.50028033519566,1.58990438072396,0.115811947712503,-5.61643566027707,0.615874989885755,5,0.414687360249123,"7474"
-2.79170623596897,1.77546003354348,0.115861354687507,-6.27154395770447,0.68813148576653,5,0.414771169204468,"5168"
-4.45818118069283,2.83805086358502,0.116215122353907,-10.0206586596123,1.1042962982266,5,0.415432659584778,"22925"
-3.24722487389369,2.06757929137952,0.116288536329954,-7.2996058201784,0.805156072391016,5,0.415432659584778,"493812"
-4.3863714324174,2.79340108259377,0.116354182324288,-9.86133694867639,1.08859408384159,5,0.415432659584778,"5740"
-3.24976153120118,2.07046182701444,0.116512173412361,-7.30779214351447,0.808269081112114,5,0.41564008349113,"2250"
-3.52850741454974,2.24953380496667,0.116752710019158,-7.93751265428976,0.880497825190286,5,0.41564008349113,"4969"
2.84480106105708,1.81930977748699,0.11789496494325,-0.720980579538993,6.41058270165316,5,0.417090370542188,"7015"
-2.65214823363097,1.69964582616821,0.118662482676852,-5.98339283939449,0.67909637213255,5,0.418321309096384,"3745"
-2.11567297844193,1.35662063713011,0.118874058515686,-4.77460056790073,0.543254611016862,5,0.418413885798408,"9912"
3.48930179206237,2.23824047973503,0.119008553609048,-0.897568936957942,7.87617252108267,5,0.418571741486088,"4129"
4.01714668393965,2.57814955908938,0.119197423355915,-1.03593359863335,9.07022696651265,5,0.41900337095054,"119"
-2.03296319499378,1.30482402706457,0.119224644136419,-4.59037129420285,0.524444904215298,5,0.419006724667141,"2892"
2.599534803561,1.66974642347747,0.119507513153569,-0.673108049769403,5.8721776568914,5,0.419639505798724,"100506465"
-2.18612024248233,1.40453708017676,0.11959630111358,-4.93896233457983,0.566721849615164,5,0.419773486931909,"1382"
-3.29341179508403,2.11674642630473,0.119735690140039,-7.44215855504518,0.855334964877108,5,0.419773486931909,"53826"
-2.11567402568788,1.35979323047829,0.11973681646603,-4.7808197838467,0.549471732470938,5,0.419773486931909,"25992"
-2.32721781397428,1.49654315144435,0.119931235915716,-5.26038849211528,0.605952864166718,5,0.420101685403493,"5806"
-2.1182244497473,1.36678027766928,0.121191569065619,-4.79706456875874,0.560615669264143,5,0.422362826517781,"11259"
-2.51038142981073,1.62115297668977,0.121498096679695,-5.68778287755258,0.667020017931124,5,0.42270288408918,"284406"
3.52450278492084,2.27663050838356,0.121592819544052,-0.937611017616063,7.98661658745773,5,0.42270288408918,"1310"
2.03597565144033,1.31644427336887,0.12196652275501,-0.54420771201666,4.61615901489732,5,0.422995817440037,"3914"
3.3570371554972,2.1719403496334,0.12219161601691,-0.899887706353602,7.613962017348,5,0.423187290208803,"1826"
-3.14433685074836,2.03541847652979,0.122391985971281,-7.13368375821413,0.845010056717415,5,0.423513440393464,"2318"
-3.16238923454982,2.05041385601147,0.122996451034049,-7.1811265457342,0.856348076634557,5,0.424591946958481,"57523"
-2.65856613866596,1.72469601917412,0.123202584678469,-6.03890822052684,0.721775943194907,5,0.424986958350177,"114798"
-2.03141583244797,1.31892063272514,0.123508972728494,-4.61645277105602,0.553621106160091,5,0.425335939603944,"317761"
-2.63743237376743,1.71316171580032,0.123679442538088,-5.99516763642891,0.720302888894039,5,0.425335939603944,"862"
-3.18155477172292,2.06773070600504,0.123884931040499,-7.23423248522038,0.87112294177453,5,0.425580901905395,"5592"
-2.66065573043669,1.72942818706902,0.123936232182439,-6.05027269094036,0.728961230066979,5,0.425625570672609,"10417"
-2.6330053345645,1.71264323454047,0.124197154641953,-5.98972439263001,0.723713723501016,5,0.425713994469367,"3123"
3.63768695201303,2.36631340667949,0.124224686808049,-1.00020210121305,8.27557600523911,5,0.425713994469367,"26579"
2.82453252683824,1.83826568576155,0.124410825077336,-0.778402011270228,6.42746706494671,5,0.425713994469367,"2823"
2.46099865910753,1.60278257014963,0.12467238626267,-0.68039745343429,5.60239477164935,5,0.425952860497345,"200844"
-3.11900393187992,2.0336136084095,0.125097332795975,-7.10481336283309,0.866805499073244,5,0.426673648227795,"223117"
-2.41534805742383,1.57494837596093,0.125126958588413,-5.5021901518171,0.671494036969437,5,0.426683463745697,"134466"
-4.25849982733475,2.77848214489983,0.125356865232996,-9.70422476302601,1.18722510835651,5,0.42699358223418,"1749"
-2.67261169468066,1.74497209612993,0.12561941332905,-6.09269415712268,0.747470767761368,5,0.42699358223418,"2895"
-2.72528328287207,1.77955456193177,0.125660373064108,-6.21314613278228,0.76257956703815,5,0.427041813191021,"5999"
-2.65297868925161,1.73277673599194,0.125755485843991,-6.04915868504468,0.743201306541456,5,0.427274017078453,"161003"
2.02730139825046,1.32466164156242,0.125910424637486,-0.568987710913586,4.62359050741451,5,0.427483173587637,"155368"
2.80615665335226,1.83380561550582,0.125958150253454,-0.78803630768646,6.40034961439098,5,0.427507321881509,"10991"
-2.40798782147217,1.5771483618375,0.126811113939577,-5.49914180895003,0.683166166005682,5,0.428849188278156,"2897"
-2.25226435052311,1.47713924032277,0.127322091414507,-5.14740406170659,0.642875360660369,5,0.428933648338091,"85409"
-2.62663155410595,1.723881678788,0.127590477574899,-6.00537755813887,0.75211444992697,5,0.428933648338091,"5569"
2.51268559502203,1.65125905133553,0.128089627175512,-0.723722674741385,5.74909386478544,5,0.429790600057066,"157638"
2.65990789538097,1.75227902671306,0.129021831997966,-0.774495887841534,6.09431167860347,5,0.431208100572294,"3936"
-2.93981924724318,1.93870343801597,0.129422233797682,-6.73960816245847,0.859969667972097,5,0.431822521133783,"3791"
-2.0490111169254,1.35184725010764,0.129592188656372,-4.69858303973588,0.600560805885088,5,0.432208779729551,"3627"
2.91401295795137,1.92277149092075,0.129638886386032,-0.854549914753683,6.68257583065643,5,0.432274146243726,"9771"
-4.41509854585819,2.92258055572292,0.13086873123154,-10.1432511769922,1.3130540852758,5,0.433835827224756,"25925"
2.00929245295816,1.33131362967046,0.13123349525075,-0.600034313323238,4.61861921923955,5,0.434514870029951,"579"
-3.26365028668197,2.16351202782235,0.131427505920248,-7.50405594133299,0.976755367969049,5,0.43483305653104,"1289"
-3.43183816137275,2.27760779540527,0.131868826569778,-7.89586741127475,1.03219108852924,5,0.435161671791703,"64220"
-4.17658474773975,2.77657633744822,0.132524443322422,-9.6185743694644,1.26540487398489,5,0.43599881799915,"57125"
-2.4282485452577,1.61462272008344,0.132604336036692,-5.59285092524134,0.736353834725948,5,0.43599881799915,"100507257"
-2.42525091846101,1.61276947979267,0.13263795380052,-5.58622101422003,0.735719177298014,5,0.43599881799915,"8091"
-2.44814453433382,1.62902602664978,0.132883623824849,-5.64097687644577,0.74468780777813,5,0.43625428426713,"5992"
-2.00920435264307,1.33781088529787,0.133133327464496,-4.63126550595254,0.612856800666401,5,0.436540989628949,"7490"
2.58667095260806,1.72453827411972,0.133634900586664,-0.793361954627454,5.96670385984356,5,0.437191126775731,"4985"
4.21748238974391,2.81642078099952,0.134273151318868,-1.30260090632532,9.73756568581314,5,0.437749002681942,"1482"
2.14104854824885,1.43064087548884,0.134506212392665,-0.66295604252013,4.94505313901783,5,0.437749002681942,"54345"
-2.41501700072174,1.61671587752622,0.135233266939459,-5.58372189390719,0.753687892463719,5,0.43873115196629,"64579"
-3.58271512981199,2.39898352036423,0.135324537257435,-8.284636429231,1.11920616960702,5,0.43877157136235,"1393"
-2.70341700557608,1.81044768756031,0.135376673041756,-6.25182926908812,0.844995257935958,5,0.43877157136235,"57687"
2.42631051344817,1.62780282665898,0.136081453634893,-0.764124400735934,5.61674542763226,5,0.439783498457012,"100996301"
-4.19502918432604,2.82121626648436,0.137025989529647,-9.72451145923393,1.33445309058186,5,0.441081407863196,"10516"
-2.87846276737968,1.93994243854854,0.137865245980208,-6.68068007901562,0.923754544256254,5,0.442144431820722,"11280"
2.39556685185964,1.61542302203898,0.138091761424686,-0.77060409113362,5.56173779485289,5,0.442152445656353,"1910"
-2.0947559448646,1.41312253271397,0.138244601388879,-4.86442521472601,0.674913324996805,5,0.442152445656353,"64344"
-2.44734730944246,1.65386395670199,0.138933177791369,-5.68886109990727,0.794166481022355,5,0.443112986999259,"392617"
-2.60334280269315,1.76126398934402,0.139378203068635,-6.05535678907476,0.84867118368847,5,0.443112986999259,"3620"
-2.3422647016819,1.58477469228181,0.139413232550854,-5.4483660221648,0.763836618801005,5,0.443112986999259,"1288"
2.38231433026349,1.6133336371724,0.139771939298918,-0.779761493641438,5.54439015416841,5,0.4432687824446,"120892"
-2.1532460864399,1.45937956019743,0.140090770245092,-5.01357746420077,0.70708529132097,5,0.443574427739123,"100996492"
-2.05456419778369,1.3944682953378,0.140651981947902,-4.78767183422874,0.678543438661368,5,0.444389946059625,"113763"
-2.43684971516026,1.65474314297167,0.140846702710722,-5.68008667904936,0.806387248728836,5,0.444689274730259,"6778"
-2.83778110488939,1.93232156576823,0.141945015272496,-6.62506178034517,0.949499570566394,5,0.446826354752883,"64084"
-2.05526225100611,1.4050102062951,0.143519517998389,-4.80903165325569,0.698507151243477,5,0.44952353251724,"51332"
2.60774099722858,1.78469334611925,0.143968698368642,-0.890193684613418,6.10567567907058,5,0.449685770850745,"115004"
-2.392319559462,1.63737939180048,0.143997296106722,-5.60152419641904,0.816885077495036,5,0.449685770850745,"55214"
-2.09377198660382,1.43432511041283,0.144355745752212,-4.9049975451344,0.717453571926761,5,0.449937804445731,"93986"
-3.22344340465416,2.21642333932211,0.145850779858389,-7.56755332421949,1.12066651491116,5,0.45203257048786,"80310"
-2.0622680042139,1.4187247001209,0.146055324600776,-4.84291732042824,0.718381312000445,5,0.452139440720275,"1902"
2.26835550054859,1.5614388183706,0.146297580312925,-0.792008347520563,5.32871934861774,5,0.452283291997541,"114827"
2.23510229381413,1.53892076780762,0.146395152755479,-0.781126986149532,5.2513315737778,5,0.452313669718266,"3224"
-3.66366540197234,2.52355814754645,0.146561226603439,-8.60974848405599,1.28241768011131,5,0.452592260395433,"85004"
-2.26957632639281,1.56553960597989,0.147139779421489,-5.33797757048441,0.798824917698798,5,0.45338492588982,"3082"
-2.15320298474936,1.48847900574237,0.148014774694015,-5.0705682277484,0.764162258249681,5,0.454851027917344,"1490"
-3.74414877494097,2.58905382122407,0.148136369901232,-8.81860101857596,1.33030346869402,5,0.455047816008002,"4958"
-3.04421948728217,2.10579514218448,0.148278494709729,-7.17150212478315,1.0830631502188,5,0.455047816008002,"57124"
2.1554083495643,1.49227252907224,0.148632159762217,-0.769392062535792,5.0802087616644,5,0.455519733434562,"9754"
2.93977118353413,2.03600070017075,0.148768519873098,-1.05071686129888,6.93025922836714,5,0.455850063199319,"9947"
-2.69534156430317,1.86751809441177,0.148943111842202,-6.35560976982712,0.964926641220774,5,0.456105719846061,"2151"
-2.33655175306715,1.61934290401857,0.149048316628243,-5.51040552356405,0.837302017429754,5,0.456269189570856,"2911"
-2.08782277052082,1.44891490779316,0.149597086316442,-4.92764380645858,0.751998265416946,5,0.457346401330868,"284348"
-2.63685688604682,1.83026303411104,0.14966992856064,-6.22410651513946,0.950392743045821,5,0.457357128853816,"79750"
-3.14309313212507,2.18228779731444,0.149789796180665,-7.42029861876262,1.13411235451247,5,0.457485511903881,"4015"
2.20728392042945,1.5332583498661,0.149979639578494,-0.797847224303419,5.21241506516231,5,0.457626932707707,"745"
-4.25474230598893,2.96122551976687,0.150769697427526,-10.0586376748329,1.54915306285503,5,0.458420945288751,"79822"
2.98255157314684,2.0759569370363,0.15079993552494,-1.08624925690039,7.05135240319407,5,0.458420945288751,"4023"
-2.32693963368,1.62230798726531,0.151475542913106,-5.50660486055168,0.852725593191683,5,0.458595152884773,"2637"
2.24021559102961,1.56396053685969,0.152029649587633,-0.825090734457308,5.30552191651653,5,0.459130485184514,"219293"
2.77671578844734,1.93884524456889,0.152101108421096,-1.02335106250445,6.57678263939912,5,0.459130485184514,"1364"
-4.46414090736711,3.11775524515148,0.152188309610768,-10.5748289004748,1.64654708574064,5,0.459130485184514,"25878"
-2.19944096214326,1.53616888292206,0.152209573475585,-5.21027664684162,0.811394722555105,5,0.459130485184514,"8715"
-2.50258653525094,1.7479024548624,0.152210927000202,-5.92841239527039,0.923239324768505,5,0.459130485184514,"219970"
-2.27287716466454,1.59102643489697,0.153130658168919,-5.39123167551375,0.845477346184674,5,0.460113064439743,"219623"
2.09347462816264,1.46691888837317,0.153544258662037,-0.781633561290307,4.96858281761558,5,0.460661653973447,"1365"
-2.16171492476186,1.51750415365247,0.154296017316494,-5.13596841231064,0.812538562786928,5,0.461788005296945,"401074"
2.43868181925697,1.71242074069257,0.154413564192368,-0.917601158879881,5.79496479739381,5,0.461928934689299,"3746"
2.46428362671258,1.7311964104053,0.154603722561821,-0.928798987846825,5.85736624127198,5,0.461928934689299,"145258"
-3.54591884120283,2.49319029437021,0.154956139070803,-8.43248202477326,1.3406443423676,5,0.462302072117304,"54829"
-2.80516830048153,1.97271726869596,0.155031498033849,-6.67162309880583,1.06128649784277,5,0.462302072117304,"8707"
2.20015919900176,1.54908677831557,0.155522005338587,-0.835995095423927,5.23631349342745,5,0.463284225800399,"127731"
3.38046714610002,2.38587461257559,0.156521798989088,-1.29576116617659,8.05669545837664,5,0.464307262123534,"57010"
2.58950091449222,1.82827582707096,0.156669462500344,-0.993853860372032,6.17285568935647,5,0.464307262123534,"4843"
2.47602508248326,1.74827351455034,0.156696844155342,-0.95052804116067,5.90257820612719,5,0.464307262123534,"3773"
-2.26672924039143,1.60125091290953,0.156892935250451,-5.40512335990599,0.871664879123133,5,0.46436953975947,"79633"
2.12726991223079,1.50767242627035,0.15825554319662,-0.827713743743216,5.08225356820481,5,0.466289698018561,"6017"
2.28562679249373,1.62127423005839,0.158607057215981,-0.892012307483612,5.46326589247107,5,0.466896965500379,"8277"
-2.3734565777824,1.68513711978888,0.15899343706893,-5.67626464158015,0.92935148601536,5,0.467163394444632,"64901"
-3.00643596552719,2.13562754942291,0.159204239155553,-7.19218904678764,1.17931711573325,5,0.46738478580904,"56849"
2.40145166154207,1.70684396830066,0.159440905604005,-0.943901043556652,5.7468043666408,5,0.467504317177833,"491"
3.45037705294513,2.45351331596789,0.159634905696318,-1.35842068194137,8.25917478783163,5,0.467504317177833,"2047"
2.06243256756753,1.46928446168082,0.160408614324823,-0.817312060371196,4.94217719550626,5,0.467805595106166,"23493"
-2.28543697450951,1.62840480541801,0.160473129978888,-5.47705174538077,0.906177796361746,5,0.467805595106166,"3908"
-2.32560441582731,1.65778680339494,0.160665495856176,-5.57480684452717,0.923598012872546,5,0.468030677483147,"30010"
-3.15740866004112,2.25135242665214,0.160780984415904,-7.56997833278616,1.25516101270392,5,0.468121714969517,"8323"
-2.48774226000337,1.77397863065412,0.160810196558769,-5.96467648542913,0.989191965422389,5,0.468121714969517,"1036"
-3.57961717412165,2.55317594045172,0.160907702314148,-8.58375006360119,1.4245157153579,5,0.468308642093648,"4312"
-2.44853949242394,1.74960594784815,0.161668927199699,-5.87770413734337,0.980625152495504,5,0.469249388135498,"207107"
-2.51986197874546,1.80112628056588,0.16179861319316,-6.05000462026318,1.01028066277225,5,0.469360152329023,"51703"
-2.32066930699429,1.6590738327168,0.161880771573865,-5.57239426681205,0.931055652823476,5,0.469407473722144,"5325"
2.38456159441062,1.7056435199393,0.162100399489283,-0.958438275134545,5.72756146395578,5,0.469490598581692,"10610"
2.22443839563055,1.59114020360412,0.162108463953608,-0.894139097787262,5.34301588904836,5,0.469490598581692,"54996"
-2.74260723612078,1.9626375390033,0.16229063333794,-6.58930612727357,1.104091655032,5,0.469591906948452,"114801"
-2.89285020122658,2.07372907537545,0.163016109881275,-6.95728450265601,1.17158410020285,5,0.471092932033713,"56884"
2.68407993308876,1.92640843342365,0.163526727181512,-1.09161121593582,6.45977108211334,5,0.471499684309213,"2624"
-2.14101099403637,1.54158932736021,0.164883367520819,-5.16247055461371,0.880448566540959,5,0.473486854850063,"8542"
-3.11428866329842,2.2428680636706,0.164975842159818,-7.51022929016788,1.28165196357105,5,0.473667140772754,"4311"
2.12945402475808,1.53743065327538,0.166030079751697,-0.883854684389541,5.14276273390571,5,0.475315373717306,"51702"
-3.37248449314755,2.4389470146778,0.166737698110899,-8.15273280211752,1.40776381582243,5,0.47620539617723,"50509"
-2.18464504552502,1.58256452293058,0.167449330194979,-5.28641451367976,0.917124422629726,5,0.477074861019444,"93664"
-2.4040825078525,1.74274651313172,0.167747065229199,-5.81980290777344,1.01163789206843,5,0.47758364885529,"9424"
2.57422648410153,1.87152188169025,0.168985071465616,-1.09388900028999,6.24234196849305,5,0.479128658756008,"8671"
2.42938294942957,1.76772033362947,0.169347707028433,-1.03528523922332,5.89405113808246,5,0.479152157625495,"3777"
2.30764812681478,1.6823628380655,0.170165915257326,-0.989722444722188,5.60501869835174,5,0.479891807599384,"100874362"
-3.5420609177116,2.58624830288674,0.170819620295618,-8.61101444644745,1.52689261102425,5,0.480212461696987,"6424"
-2.97848068911603,2.17499063206171,0.170867305301049,-7.24138399466899,1.28442261643693,5,0.480212461696987,"10231"
-3.24259825848396,2.36951423437395,0.171166443337683,-7.8867608187119,1.40156430174399,5,0.480376903233524,"728215"
2.16953211212722,1.58538898851698,0.1711699700224,-0.937773206852433,5.27683743110688,5,0.480376903233524,"5166"
2.03379615891168,1.48825329951694,0.171761422449769,-0.883126708014423,4.95071902583777,5,0.481028478040505,"4693"
2.17627781089107,1.59317391857372,0.171938522457123,-0.946285690621977,5.29884131240412,5,0.481150165151369,"64098"
-2.17937813230561,1.60042286110587,0.173276341964258,-5.31614930010766,0.957393035496442,5,0.482494556307489,"389114"
2.03494429712263,1.49440298384533,0.173289252989365,-0.894031729603412,4.96392032384867,5,0.482494556307489,"128853"
-2.4297237898067,1.78448724220868,0.17333017849836,-5.92725451540693,1.06780693579352,5,0.482494556307489,"80332"
-2.59287335780723,1.90472260212667,0.17342313550665,-6.32606105851491,1.14031434290045,5,0.482494556307489,"26033"
-2.3437522489608,1.72268361940338,0.173664192697335,-5.72015009974852,1.03264560182692,5,0.482713225633019,"1396"
-3.01219693220008,2.21478820952996,0.173817784067108,-7.35310205626275,1.32870819186258,5,0.482747237552525,"597"
-2.69363604211751,1.98250813509424,0.174241314094108,-6.57928058595988,1.19200850172487,5,0.483222782063494,"257194"
-2.80897263029603,2.0705379660849,0.174895931998541,-6.86715247244526,1.24920721185319,5,0.483924118322205,"84251"
2.20435805448217,1.6279113890084,0.175703840813022,-0.986289637996862,5.39500574696121,5,0.485002192187114,"107"
-3.76804307492268,2.78472265373526,0.176019687935177,-9.2259991831766,1.68991303333123,5,0.485149948497491,"1134"
-3.08772263656955,2.28204930808167,0.17604024257268,-7.56045709135416,1.38501181821507,5,0.485149948497491,"10875"
2.80957725058243,2.07770645461905,0.176295554023408,-1.26265257091732,6.88180707208218,5,0.485166025129375,"3214"
2.53574132597685,1.87593934485975,0.176465485464067,-1.14103222712992,6.21251487908363,5,0.485166025129375,"5375"
-2.44270021643918,1.80892822038553,0.176901260771007,-5.98813437901294,1.10273394613458,5,0.485166025129375,"256691"
-2.60462473713037,1.93056822558858,0.177289021280058,-6.38846892898138,1.17921945472064,5,0.485263292288861,"57451"
-2.46976299412973,1.83607464724115,0.178582570165741,-6.06840317564947,1.12887718739002,5,0.486803032467544,"80380"
2.11528017436709,1.57426972089343,0.179058990392985,-0.970231780535945,5.20079212927013,5,0.487514766128844,"342667"
2.44808749503083,1.82235552896247,0.179154016714357,-1.12366370876305,6.0198386988247,5,0.487581771804262,"55086"
-2.16750439151782,1.61394785880741,0.179277507824002,-5.33078406770588,0.995775284670234,5,0.487581771804262,"51513"
-2.16660926440531,1.61632075757495,0.180096656157283,-5.33453973671671,1.00132120790608,5,0.488866008916704,"56967"
-3.03312112441322,2.26315640879185,0.180174744295698,-7.46882617702625,1.40258392819982,5,0.488866008916704,"63876"
2.1651082796091,1.62219541028438,0.181981806683124,-1.01433630043446,5.34455285965266,5,0.49048118892285,"51085"
-3.69547817532872,2.77013406031294,0.18218973820994,-9.12484116588979,1.73388481523235,5,0.490513198974678,"7424"
-2.94824982723329,2.21175233266219,0.182534182570541,-7.28320474197364,1.38670508750705,5,0.490768460123974,"57502"
2.33274966059244,1.7568146844138,0.18423457135004,-1.1105438483697,5.77604316955459,5,0.492975391439939,"152789"
-2.95869948648939,2.2284345050295,0.184276196296601,-7.32635085825355,1.40895188527477,5,0.492975391439939,"2555"
2.57096687696479,1.9380220613012,0.184643288353192,-1.22748656442963,6.36942031835921,5,0.493208277349095,"5596"
-2.83334269076866,2.14248222133501,0.186015695957945,-7.03253068210264,1.36584530056533,5,0.493768710584738,"6335"
-6.4668632655648,4.89217261278287,0.186208240420862,-16.0553453927724,3.12161886164283,5,0.493768710584738,"1281"
-3.38484677255177,2.56090078432004,0.186254513799817,-8.40412007779943,1.6344265326959,5,0.493768710584738,"290"
2.03396821197631,1.54141936874593,0.18698784518795,-0.987158235838183,5.0550946597908,5,0.494669642999519,"29943"
-3.37941002881065,2.56359141728521,0.187425763034,-8.40395687776565,1.64513682014434,5,0.495162671797036,"53405"
3.33112158263356,2.53077091487208,0.188090893706,-1.62909826363721,8.29134142890432,5,0.495755738598639,"169044"
2.39217298138626,1.82274491143379,0.189384733331608,-1.18034139802762,5.96468736080014,5,0.497376566695061,"23237"
-2.79620938669115,2.13856138561706,0.191036547245184,-6.98771268122866,1.39529390784636,5,0.499374971508286,"655"
2.99467668936811,2.29299043554601,0.191547933298237,-1.49950198119689,7.4888553599331,5,0.49947570199729,"84894"
-2.46299730242414,1.88783221306919,0.192005376582302,-6.16308044889429,1.23708584404601,5,0.499876096991376,"2982"
-3.51227316149423,2.69351147896269,0.192241912662036,-8.79145865220631,1.76691232921785,5,0.500081272233278,"1278"
-2.93919430873994,2.2678717542698,0.194970545423857,-7.38414126866442,1.50575265118454,5,0.50262942358894,"85460"
-2.02447210599715,1.56404352075047,0.19553299164453,-5.0899410769213,1.040996864927,5,0.503006334899781,"143098"
-3.28347433072985,2.5376109552009,0.195691862417642,-8.25710040969791,1.69015174823821,5,0.503171597241495,"2977"
-2.19647610582943,1.70344886096451,0.197249037007219,-5.53517452282565,1.1422223111668,5,0.504365698756192,"5865"
-2.24458652897687,1.74203837036107,0.197577942044603,-5.65891899457142,1.16974593661767,5,0.504685881744676,"2043"
2.58231826179077,2.0063480713022,0.198068527251791,-1.35005169841295,6.51468822199449,5,0.505453390932743,"5454"
-2.8612335332609,2.22437443580578,0.198335136556063,-7.22092731557183,1.49846024905003,5,0.505971869237538,"10537"
-2.48201415201432,1.93164053500469,0.19881832417594,-6.26796003170119,1.30393172767254,5,0.50626131471254,"220441"
-2.08941795311778,1.62833400491423,0.199434974383383,-5.28089395755154,1.10205805131598,5,0.507066139998297,"54873"
-2.11450360495385,1.64841424548237,0.199579627235066,-5.34533615770206,1.11632894779436,5,0.507120542382872,"8626"
-3.07776738981787,2.39951897746003,0.199611164241378,-7.78073816585991,1.62520338622417,5,0.507120542382872,"144165"
2.05840035124596,1.60490642132451,0.19964374411763,-1.08715843310715,5.20395913559907,5,0.507120542382872,"321"
2.31441594567316,1.80558704292077,0.199910001445061,-1.22446962940372,5.85330152075004,5,0.507312176750176,"7368"
-2.19674599034915,1.71944423059063,0.201393774812201,-5.56679475573197,1.17330277503367,5,0.509148654469315,"100628315"
-2.56011799389163,2.00409176133718,0.201445011283005,-6.48806566782595,1.36782968004268,5,0.509182509901203,"4916"
-3.24096796166325,2.54093928586518,0.202132337713438,-8.22111744886193,1.73918152553542,5,0.50972781045355,"730101"
2.28443122061697,1.79165022544157,0.20229399452831,-1.22713869414158,5.79600113537552,5,0.50972781045355,"2039"
2.38705679547376,1.87236997357358,0.202349873102719,-1.28272091846467,6.0568345094122,5,0.50972781045355,"3321"
2.85233744672344,2.24603959939025,0.204105699238958,-1.54981927593222,7.25449416937909,5,0.511666424832198,"64757"
2.47434085697303,1.9495171746977,0.204367242860855,-1.34664259267674,6.2953243066228,5,0.511864697458997,"79589"
-3.27922663664721,2.5852353313864,0.204639382961635,-8.34619477772503,1.7877415044306,5,0.512224609603641,"55384"
2.64832845606015,2.09713232483708,0.206649108027586,-1.46197537143528,6.75863228355558,5,0.514008571148537,"387978"
-3.13297073144961,2.4818266766609,0.206817535478579,-7.9972616335757,1.73132017067648,5,0.514115013454562,"79625"
-2.74797342436641,2.1779548336289,0.207048854915449,-7.01668645823398,1.52073960950117,5,0.514141241222173,"51334"
-2.38953008337743,1.89530714312919,0.207394825500675,-6.10426382355214,1.32520365679728,5,0.514359803542719,"56256"
-2.75003589623766,2.18345309933659,0.207853639307841,-7.02952533286973,1.52945354039441,5,0.514777403235319,"79083"
2.64968810124408,2.10454282532351,0.208018544038109,-1.47514004031216,6.77451624280033,5,0.514861520595538,"2900"
-2.4439553602534,1.94531410760404,0.208996556636202,-6.25670094977499,1.36879022926818,5,0.515260033407044,"79940"
2.00089218589014,1.59422718180461,0.209447549149031,-1.12373567362167,5.12552004540196,5,0.515684589263091,"3236"
-2.18491178875101,1.74289731377137,0.209984152062315,-5.6009277524945,1.23110417499247,5,0.516232689276877,"288"
-2.22457797319756,1.77734142910927,0.210703872649104,-5.70810316248268,1.25894721608756,5,0.517103976716552,"3383"
-2.91180700462677,2.34260142115355,0.213875157903986,-7.50322142022009,1.67960741096654,5,0.519290185522737,"6792"
-2.38854920296154,1.9219268309482,0.213945658692282,-6.15545657254121,1.37835816661814,5,0.519322006861738,"7772"
-2.00143326481422,1.61276997478056,0.214609018426248,-5.16240433073168,1.15953780110324,5,0.51970885428846,"4258"
-2.74733298020294,2.21548251560364,0.214952913381567,-7.08959891916428,1.5949329587584,5,0.519849738366094,"4884"
-2.03841887235619,1.65805573912106,0.21892070703764,-5.28814840539341,1.21131066068103,5,0.524837971333877,"55766"
-2.78849607714517,2.28689407162791,0.222716058525617,-7.27072609399404,1.6937339397037,5,0.527817184041104,"339479"
2.6645061032984,2.19375291683468,0.224523244365819,-1.63517060467726,6.96418281127406,5,0.529402268114463,"2894"
-2.61989600371475,2.15712380701249,0.224544617982852,-6.84778097565316,1.60798896822366,5,0.529402268114463,"51296"
2.49245846860477,2.05584425640864,0.225368068136181,-1.53692223177968,6.52183916898922,5,0.52957256013994,"27112"
-2.44149909754737,2.01833645520345,0.226409722960882,-6.39736585843038,1.51436766333564,5,0.53054522685253,"5144"
-2.2329314366403,1.85797859434917,0.22943836362281,-5.87450256561104,1.40863969233043,5,0.532945615083455,"134285"
2.31776830101958,1.92888184023893,0.229513742259491,-1.46277063628207,6.09830723832123,5,0.532945615083455,"5742"
-3.59871887093002,3.00315667701021,0.230795552434622,-9.48479779780102,2.28736005594098,5,0.533959485487613,"8076"
3.61352502343923,3.01601027854802,0.230872525132634,-2.29774649951751,9.52479654639597,5,0.533971987654459,"3754"
3.09753225757252,2.58624393564416,0.231035652019647,-1.97141271152517,8.1664772266702,5,0.53412764072716,"220382"
2.7232224633399,2.27414132280184,0.231122308437951,-1.73401262510598,7.18045755178578,5,0.534181102981933,"2564"
-2.24978259546699,1.88173485042082,0.231856756403781,-5.93791513074566,1.43834993981169,5,0.535172764889758,"629"
-2.33537470463697,1.95381173152378,0.231973129746198,-6.16477533099541,1.49402592172147,5,0.535246459799047,"144811"
-2.49769400854227,2.09397285001719,0.232947112769104,-6.60180537918066,1.60641736209612,5,0.535922683658358,"5475"
-2.4696548469793,2.07245239083317,0.233395301684109,-6.53158689268624,1.59227719872763,5,0.536009480631286,"147947"
-2.56765053739054,2.16241201214169,0.235069421615928,-6.80590020092505,1.67059912614396,5,0.537609665034735,"9823"
2.68008350044553,2.264998546267,0.236705889324202,-1.75923207527337,7.11939907616443,5,0.538956943548341,"3217"
-3.44458993062528,2.92179901512184,0.238426947814486,-9.17121077032869,2.28203090907813,5,0.540791507398931,"3075"
-2.66410227098917,2.2684864001433,0.240236284936402,-7.11025391468896,1.78204937271061,5,0.543427285494255,"26050"
-2.07372495510648,1.77180096868323,0.241837969465843,-5.5463910414988,1.39894113128583,5,0.545425193813832,"460"
-3.13621062096844,2.68418948252759,0.242644909770995,-8.39712533440372,2.12470409246685,5,0.546268733802439,"5178"
2.2479543518577,1.92440302933924,0.242754028853695,-1.523806277387,6.0197149811024,5,0.546333559293756,"3766"
2.70045348736886,2.32074962283786,0.244581045525274,-1.84813219052825,7.24903916526597,5,0.548180375353993,"4113"
2.6170948349971,2.25276058099201,0.245346006121967,-1.79823476953875,7.03242443953296,5,0.548760444427597,"10451"
2.38693432949325,2.05644494999949,0.245760227331501,-1.64362370869503,6.41749236768153,5,0.549071028906457,"152404"
2.0736565250671,1.78829820708057,0.246224018406268,-1.43134355442836,5.57865660456256,5,0.549414679202237,"5104"
2.02529242782858,1.74878294673559,0.246816954191584,-1.402259164551,5.45284402020815,5,0.549968438785325,"81569"
2.54926291720073,2.20355677942447,0.247319137912058,-1.76962900836029,6.86815484276176,5,0.55062594389018,"7024"
-2.12456436662324,1.83859418916229,0.24787042234243,-5.72814275956594,1.47901402631946,5,0.550765204872088,"9411"
-2.84702355416256,2.4815016015898,0.251258192354202,-7.71067732085703,2.01663021253191,5,0.553095939621801,"253827"
-2.66577338932954,2.33036502810331,0.25265286006758,-7.2332049152437,1.90165813658462,5,0.554300429624266,"399979"
-2.49781740655843,2.18422612860188,0.252801641960254,-6.77882195270946,1.7831871395926,5,0.554465373339499,"11226"
-2.3306253575024,2.03823409634171,0.252850463340225,-6.32549077839369,1.66424006338889,5,0.554465373339499,"2983"
-2.63011048454301,2.30539144802883,0.253931509748106,-7.14859469294615,1.88837372386014,5,0.555711062724953,"1295"
-2.46921855593475,2.16601368861744,0.254293427293973,-6.71452737564569,1.77609026377619,5,0.555835674457858,"6546"
-2.0923431746803,1.84434446467145,0.256599789939163,-5.70719190052214,1.52250555116155,5,0.557439717977602,"79192"
-4.11663158831036,3.63390879209745,0.257282103097586,-11.2389619439248,3.00569876730409,5,0.557858380945045,"81035"
-2.31776128269528,2.04855366343898,0.257881089491461,-6.33285268343327,1.6973301180427,5,0.558170846617067,"51309"
-2.15010148409836,1.91686672452507,0.262000649693443,-5.90709122733075,1.60688825913403,5,0.561876956059014,"79875"
-2.77380742124696,2.4729356787669,0.262004555323691,-7.62067228771419,2.07305744522028,5,0.561876956059014,"29969"
-3.00028721723802,2.69238840358955,0.26512521012577,-8.27727152066683,2.2766970861908,5,0.565043250412698,"4939"
-2.95675738780535,2.65335058496267,0.265129684637603,-8.15722897269046,2.24371419707976,5,0.565043250412698,"2069"
2.32832423800414,2.09183685232617,0.265685882366174,-1.77160065408878,6.42824913009706,5,0.565775089508104,"257407"
2.18298533204496,1.96497953382867,0.266591773542387,-1.66830378461755,6.03427444870746,5,0.566689472327856,"259173"
-2.49647716933807,2.25687526105466,0.268654965796454,-6.91987139860465,1.9269170599285,5,0.568212789768876,"54149"
2.21145658540851,2.00026874054668,0.26890846482936,-1.70899810546428,6.1319112762813,5,0.568232941646045,"4821"
-2.0342757694789,1.84076426626298,0.269105156269522,-5.64210743538263,1.57355589642484,5,0.568395070975314,"115361"
-2.28826300331838,2.07894050280208,0.271032860420903,-6.36291151481204,1.78638550817529,5,0.570083885737638,"148170"
-2.47011761278074,2.26469065541488,0.275401117718418,-6.90882973351831,1.96859450795682,5,0.573116187854743,"1520"
2.51750580621743,2.31045319988307,0.275882516614854,-2.0108992535187,7.04591086595357,5,0.573386455424282,"3598"
-2.34411260849104,2.15836078140819,0.277451771713271,-6.57442200569481,1.88619678871273,5,0.574363123698402,"29091"
-2.0753315803728,1.91486559252505,0.278453427051369,-5.82839917695684,1.67773601621124,5,0.574852991888629,"84189"
-2.31992050608161,2.14335085686905,0.279083627393535,-6.52081099177801,1.88096997961479,5,0.575552115963439,"4212"
-2.34430774332648,2.16660030070783,0.279243049273239,-6.59076630160749,1.90215081495452,5,0.575589239179056,"9076"
2.42812689602935,2.25810188792598,0.282242430975267,-1.99767147772748,6.85392526978617,5,0.578525520477375,"147"
-2.16970426975139,2.01803498681692,0.28230448166859,-6.12498016345431,1.78557162395153,5,0.57853559758188,"633"
-2.08634950362802,1.94333661856245,0.28300584853425,-5.89521928584827,1.72252027859222,5,0.579482429508549,"10874"
-2.70817668507908,2.54338299318361,0.28696956413654,-7.69311575061064,2.27676238045248,5,0.583724068416217,"91543"
-2.72262716407446,2.55840126575731,0.287242260698188,-7.73700150296047,2.29174717481155,5,0.583724068416217,"8436"
-2.85648388568178,2.69150074484991,0.288554574019738,-8.13172840995033,2.41876063858676,5,0.584516664632193,"83872"
-2.13016784334769,2.01434352541201,0.290283553075646,-6.07820860564667,1.8178729189513,5,0.585501331365018,"55304"
-3.02310955790157,2.86052622904108,0.290586048691747,-8.62963794365426,2.58341882785113,5,0.585501331365018,"91607"
-2.60496490324598,2.46960875421409,0.29151280563585,-7.44530911741044,2.23537931091847,5,0.585816613190109,"1293"
-2.26294037893802,2.14776477092204,0.292054271429105,-6.47248197720914,1.9466012193331,5,0.586378619034305,"162967"
-2.23959639614927,2.1405328071321,0.295431834604727,-6.4349636058546,1.95577081355607,5,0.590345562522184,"55713"
2.12022116332005,2.03852206248807,0.298303843008186,-1.87520866084687,6.11565098748696,5,0.592479399224628,"6542"
-2.15134949148226,2.07487108565666,0.299801409576327,-6.21802209193283,1.9153231089683,5,0.59385466008,"4292"
-2.59758060794856,2.51177096170669,0.301059965409299,-7.52056123030721,2.32540001441009,5,0.594296320778262,"3575"
-2.65614650392811,2.57038696207874,0.301433377485615,-7.69401237593376,2.38171936807754,5,0.594371475605751,"5074"
-2.46407266878465,2.38985374566999,0.302514633233813,-7.14809993861597,2.21995460104668,5,0.594711054952525,"493869"
-2.00050070596859,1.94956726180613,0.304832426007309,-5.82158232454699,1.8205809126098,5,0.596648694437863,"1287"
-2.45674418217673,2.39469528501505,0.304933547489023,-7.15026069475411,2.23677233040065,5,0.596700190081562,"54796"
-2.24606711066042,2.19080038948704,0.305256220466964,-6.53995697137134,2.0478227500505,5,0.596827529511231,"834"
-2.23077728069629,2.19810592255004,0.310170940267087,-6.53898572309856,2.07743116170599,5,0.5996327587411,"7099"
2.29835806818257,2.27347900208527,0.312043630686327,-2.15757889551262,6.75429503187775,5,0.601537159723057,"63910"
-2.06470975555054,2.05261687695454,0.314467792173116,-6.08776490844052,1.95834539733944,5,0.603079331496384,"64866"
-2.52173950105934,2.52427018706212,0.317795922524835,-7.46921815494928,2.42573915283059,5,0.605528016736285,"518"
-2.2847599029297,2.29019312739126,0.318459966141006,-6.77345595025772,2.20393614439831,5,0.606093516317087,"79974"
-2.13085695289387,2.13989822049157,0.319359524680933,-6.3249803956387,2.06326648985097,5,0.606551153436153,"100131897"
-2.44740146380475,2.45867607481392,0.319534778807964,-7.26631802009035,2.37151509248085,5,0.606667316299054,"1303"
-2.3165270423887,2.32841814225383,0.319788280273844,-6.88014274215586,2.24708865737847,5,0.607004122671152,"23641"
-2.09290377337036,2.1434580392073,0.328859037880632,-6.29400433258952,2.1081967858488,5,0.615323154083792,"1602"
-2.76829471803284,2.83873069022583,0.329467255664829,-8.332104632684,2.79551519661832,5,0.615351200400934,"7412"
2.18224362154469,2.24084043423915,0.330130764724651,-2.20972292466513,6.57421016775452,5,0.615775187862249,"869"
-2.48650858080541,2.55718012101127,0.330869749712087,-7.49848951996928,2.52547235835845,5,0.616379830232763,"80114"
-2.92617117719998,3.02299977704347,0.333059669294896,-8.85114186547779,2.99879951107784,5,0.618434157210125,"116535"
-2.59693988443698,2.6985394449933,0.335873737078911,-7.88598000748455,2.6921002386106,5,0.62062525818172,"5099"
-2.60334396886483,2.71833619214691,0.338215281870919,-7.93118500334453,2.72449706561486,5,0.622038058232501,"3751"
-2.34449248152268,2.46651550481139,0.341843944638947,-7.17877403826264,2.48978907521728,5,0.625068157368234,"9852"
-2.3518453476152,2.49430263426406,0.345738742007884,-7.24058867731615,2.53689798208575,5,0.628117900402787,"2891"
-2.58738216856993,2.74827100235641,0.346470119540855,-7.97389435294429,2.79913001580444,5,0.628665523464327,"79827"
-2.05772888054435,2.18631415655221,0.346609408153758,-6.34282588627676,2.22736812518805,5,0.628665523464327,"2044"
-2.14778667102455,2.28770278703098,0.347812946400195,-6.63160174093719,2.33602839888808,5,0.629756492355021,"4239"
2.21882715509908,2.39189750598149,0.3535927463686,-2.46920581133582,6.90686012153399,5,0.634308178466201,"5455"
-2.3846347186547,2.58454763735989,0.356189258836321,-7.45025500420817,2.68098556689876,5,0.635451356954453,"4306"
-2.01739944959749,2.198869843042,0.358895850220063,-6.32710514865105,2.29230624945607,5,0.638028019521534,"166929"
-2.23565163521835,2.44110825268592,0.359753602440078,-7.02013589284626,2.54883262240957,5,0.638707786992112,"50863"
-2.63358205109303,2.88336650022193,0.361047688043459,-8.28487654575732,3.01771244357126,5,0.639794792231644,"2335"
-2.07043448338161,2.34284838444144,0.376844498220571,-6.66233293812468,2.52146397136145,5,0.649024765774423,"1012"
-2.69226710770775,3.05372567828193,0.37797498879555,-8.67745945580548,3.29292524038999,5,0.649936080766047,"7837"
-2.24054000258188,2.57588377382628,0.384402009763525,-7.28917942764252,2.80809942247876,5,0.656247951599716,"81578"
-2.01747663277683,2.41699735098682,0.403884557659554,-6.75470439143972,2.71975112588606,5,0.668852095874416,"6595"
2.33316479158303,2.80689503587734,0.405845837012548,-3.16824838712082,7.83457797028688,5,0.670886299691624,"6423"
-2.10334620656085,2.55977966900134,0.411253162874296,-7.12042216616133,2.91372975303963,5,0.674245565672944,"4257"
-2.15726733141,2.71285714038859,0.426496457162636,-7.47436962177397,3.15983495895396,5,0.684385020084334,"162394"
-2.12581171712465,2.82158121909597,0.451202678927769,-7.65600928600736,3.40438585175807,5,0.701411040961907,"11227"
-2.01182249469443,2.88526628545405,0.485631047490247,-7.66684049999202,3.64319551060316,5,0.725789918787256,"7291"
